,cost,rooms,area,type,zipCode,bedrooms,baths,garage,etage,balconyOrTerrace,garden,kitchen,guest_toilet,lift,basement,no_stairs_access,currently_rented
0,1295000,4.5,104.0,Dachgeschoss,81827,,1,1,2,True,True,True,True,False,True,False,True
0,360000,1.5,37.0,Etagenwohnung,80807,1,1,,3,False,False,True,False,True,True,False,True
0,319825,1.0,21.08,,81677,,1,,2,True,False,False,False,True,True,False,False
0,985000,2.0,87.0,Etagenwohnung,81925,,1,,4,True,False,False,True,True,True,False,False
0,394500,2.0,41.0,Etagenwohnung,80807,1,1,,1,True,False,True,False,True,True,False,True
0,2290000,4.0,176.0,Penthouse,80638,2,2,2,3,True,False,True,True,True,True,False,False
0,720000,3.0,74.19,Etagenwohnung,80807,1,2,2,3,True,False,True,False,True,True,False,False
0,350000,2.0,42.0,Etagenwohnung,81673,1,1,1,4,True,False,True,False,True,False,False,True
0,659000,2.0,51.0,Etagenwohnung,80333,1,1,,1,True,False,False,False,False,True,False,True
0,425000,2.0,53.13,Etagenwohnung,81827,1,1,1,,True,False,False,False,True,True,False,True
0,349900,1.0,35.7,Etagenwohnung,81241,1,1,1,6,False,False,True,False,True,True,False,False
0,1700000,4.0,125.0,Etagenwohnung,80538,3,1,1,3,True,False,False,True,True,True,False,False
0,1500000,3.0,98.0,Etagenwohnung,81925,3,2,1,1,True,False,True,True,True,True,True,False
0,548000,2.0,40.69,Erdgeschosswohnung,80807,1,1,1,0,False,False,False,False,True,False,True,False
0,1071000,3.5,133.0,Dachgeschoss,80993,2,1,1,,True,False,True,True,True,True,False,False
0,1490000,4.0,177.0,Dachgeschoss,81477,3,3,1,2,True,True,True,False,False,True,False,False
0,950000,4.0,101.0,Dachgeschoss,80689,,,1,4,True,False,True,False,True,False,False,True
0,279000,1.0,34.4,,80992,1,1,,4,True,False,True,False,False,True,False,True
0,610500,2.0,62.81,Erdgeschosswohnung,81827,1,1,1,,True,True,True,False,False,False,True,True
0,3295000,2.5,96.0,Etagenwohnung,80469,2,,1,9,False,False,True,True,True,True,True,False
0,938000,4.0,82.0,,81735,,2,1,1,True,False,True,False,True,False,False,True
0,549000,2.0,54.0,Etagenwohnung,80639,1,1,1,1,True,False,True,False,True,False,False,False
0,870000,3.0,88.0,Erdgeschosswohnung,80639,2,1,,0,True,True,False,True,True,True,False,False
0,650000,2.0,91.87,Terrassenwohnung,81545,1,1,1,,False,True,False,False,False,False,False,True
0,519000,3.0,61.23,Etagenwohnung,80939,,1,1,1,True,False,True,False,False,True,False,False
0,490000,4.0,94.0,Dachgeschoss,81737,3,,1,6,True,False,True,False,True,False,False,False
0,6300000,5.0,262.2,Etagenwohnung,81925,3,2,3,1,True,True,True,True,True,True,False,False
0,2050000,4.5,148.0,Dachgeschoss,80637,2,1,,4,True,False,False,True,True,True,False,False
0,586000,3.0,69.6,Etagenwohnung,81677,2,1,,3,False,False,True,False,True,False,False,False
0,595000,3.0,75.0,,81243,2,1,1,4,True,False,False,False,False,True,False,True
0,800000,3.0,87.0,Etagenwohnung,81667,2,1,,4,True,False,False,False,True,True,False,True
0,4550000,5.0,152.0,Maisonette,80539,3,3,,1,False,False,True,True,True,True,False,False
0,1899900,3.5,112.58,Etagenwohnung,81545,2,2,2,1,True,False,False,False,False,True,False,False
0,839000,3.0,89.6,Etagenwohnung,81377,,2,1,3,True,False,True,True,True,True,True,False
0,875655,3.0,107.0,Dachgeschoss,81737,1,1,1,3,True,False,True,True,False,True,False,False
0,749999,3.0,71.0,Erdgeschosswohnung,80335,2,1,,,True,False,True,False,True,True,False,True
0,550000,2.0,63.0,Maisonette,81929,1,1,1,3,True,False,True,False,False,True,False,False
0,3050000,7.0,253.0,Sonstige,81245,2,2,2,,True,True,True,True,True,True,True,False
0,699000,3.0,85.0,Etagenwohnung,81476,,1,,5,True,False,True,False,True,True,True,False
0,1049000,3.5,93.76,Dachgeschoss,81249,,2,1,3,True,True,True,True,True,True,True,True
0,299000,4.0,94.0,Etagenwohnung,80638,,,,2,False,False,True,False,True,True,True,False
0,355000,1.0,35.18,Etagenwohnung,81241,1,1,1,2,True,False,True,False,True,True,False,True
0,750000,2.5,76.3,Etagenwohnung,80805,2,1,1,3,True,True,True,False,True,True,False,False
0,250000,1.0,34.0,,80686,1,1,,1,True,False,True,False,True,True,False,True
0,2975000,5.0,215.0,Terrassenwohnung,81925,3,2,2,0,True,True,True,False,True,True,True,False
0,540000,3.0,70.0,,80807,2,1,,1,False,False,False,False,False,False,False,True
0,1650000,3.5,110.0,Etagenwohnung,80796,0,1,D,3,True,False,True,True,True,False,False,False
0,225000,1.0,36.0,,81477,,,,,False,False,False,False,False,False,False,False
0,308000,1.0,32.6,Etagenwohnung,80687,1,1,,,True,False,True,False,True,True,False,False
0,995000,2.5,73.15,Erdgeschosswohnung,80796,,,1,,True,True,True,False,True,True,False,False
0,828000,3.0,90.32,Etagenwohnung,81739,2,1,1,1,True,True,False,True,True,True,True,False
0,1539000,4.0,127.0,Erdgeschosswohnung,81247,3,2,1,,False,False,False,False,True,True,True,False
0,875000,2.5,93.0,Etagenwohnung,80796,1,1,1,1,True,False,True,True,False,True,False,False
0,924900,2.0,74.0,Erdgeschosswohnung,80803,1,1,,,True,True,True,False,True,False,True,False
0,2170000,7.0,239.97,Penthouse,81476,4,2,4,2,True,True,True,True,True,True,False,False
0,890000,4.0,93.7,Etagenwohnung,80638,3,1,1,1,True,True,False,True,True,True,True,False
0,279000,1.0,35.0,Erdgeschosswohnung,80807,1,1,1,0,True,True,False,False,False,True,False,False
0,395000,1.5,40.0,Etagenwohnung,80797,1,1,,3,True,False,True,False,True,False,False,False
0,299000,1.0,30.0,Etagenwohnung,80797,,,,3,True,False,True,False,True,True,False,False
0,618000,2.0,58.0,Erdgeschosswohnung,80797,1,1,,,True,True,True,False,True,True,False,False
0,816000,4.0,103.0,,81377,3,2,1,2,True,False,True,True,True,True,False,False
0,249000,1.0,31.63,Hochparterre,81827,1,1,1,,True,False,True,False,False,True,False,False
0,1490000,3.0,97.0,Etagenwohnung,81545,2,2,2,1,False,False,False,False,True,True,True,True
0,950000,4.0,81.89,Maisonette,81247,3,2,1,,True,True,False,True,False,True,True,False
0,249900,1.0,23.0,Etagenwohnung,81547,1,1,,4,True,False,True,False,True,False,False,False
0,650000,2.0,61.79,Etagenwohnung,80638,1,1,1,1,True,False,False,False,False,True,False,False
0,994800,3.0,97.7,Etagenwohnung,81479,2,1,,1,True,False,True,True,True,True,False,False
0,1600000,6.0,176.0,Etagenwohnung,81667,5,2,,4,True,False,False,False,True,True,False,True
0,660000,2.5,71.0,Dachgeschoss,80993,1,1,1,2,True,False,True,False,False,True,False,False
0,770000,3.0,88.1,Erdgeschosswohnung,80335,,1,2,0,True,True,True,True,True,True,True,True
0,495000,2.0,48.0,Etagenwohnung,80634,1,1,1,5,True,False,True,False,True,False,False,False
0,798000,2.5,74.0,Erdgeschosswohnung,81927,1,1,1,,True,False,False,False,True,True,False,False
0,438000,1.0,33.0,,80799,1,1,,,False,False,False,False,False,True,False,False
0,730000,3.0,90.29,Etagenwohnung,80804,2,1,,1,True,False,False,False,True,False,False,False
0,719500,2.0,66.29,Etagenwohnung,81541,1,1,,2,False,False,False,False,False,True,False,False
0,4125000,3.5,165.0,Dachgeschoss,80799,2,1,T,,True,False,False,False,True,False,False,False
0,758000,4.5,104.0,Etagenwohnung,81829,,,,4,True,False,False,False,False,True,False,False
0,1480000,5.0,196.0,Erdgeschosswohnung,81925,,,T,,True,True,True,False,True,True,False,False
0,399000,1.0,33.5,Etagenwohnung,80802,1,1,,5,False,False,True,False,False,True,False,False
0,830000,3.0,110.0,Erdgeschosswohnung,81549,2,1,,0,True,False,False,False,False,False,False,False
0,642500,3.0,64.3,Etagenwohnung,81679,2,1,,1,True,False,True,False,True,False,False,False
0,1120000,2.0,61.17,Hochparterre,80539,1,1,T,,True,True,True,False,True,True,False,False
0,1900000,6.0,151.7,Erdgeschosswohnung,80333,4,4,3,,False,False,True,False,False,False,False,True
0,335000,2.0,48.0,Erdgeschosswohnung,80939,,1,1,,True,True,True,False,False,True,False,False
0,630000,2.0,51.0,Etagenwohnung,81927,,1,1,1,True,False,True,False,False,True,False,False
0,392000,2.0,49.0,Etagenwohnung,81245,,1,,2,False,True,True,False,False,True,False,False
0,1300000,4.0,150.0,Maisonette,81549,,2,1,1,False,False,False,False,False,False,False,False
0,1199000,4.0,138.0,Terrassenwohnung,81545,,2,1,0,True,True,True,True,False,False,False,False
0,850000,4.0,87.78,Etagenwohnung,81737,,,1,3,True,False,True,True,True,True,False,False
0,483000,3.0,63.5,Dachgeschoss,81673,2,1,,5,False,False,False,False,False,False,False,True
0,798000,2.0,81.85,Dachgeschoss,80335,1,1,,4,False,False,False,False,False,False,False,True
0,765000,4.0,98.48,Etagenwohnung,81677,3,1,T,5,False,False,True,False,True,False,False,False
0,1250000,4.0,97.0,Etagenwohnung,80769,3,1,,2,True,False,True,False,True,True,True,False
0,2644530,4.0,147.0,Dachgeschoss,80634,3,2,2,4,True,False,False,True,True,True,False,False
0,785000,3.0,116.0,Etagenwohnung,81735,2,1,1,4,True,False,True,True,True,True,True,False
0,770000,3.0,68.0,,80796,1,1,2,3,True,False,True,False,True,True,False,True
0,468000,3.0,77.8,,85757,2,1,1,3,True,False,True,True,True,True,True,False
0,479000,2.0,32.17,Etagenwohnung,81675,1,1,,1,False,True,True,False,True,True,False,False
0,626000,1.0,32.0,Etagenwohnung,80538,1,1,,1,True,True,False,False,True,True,False,False
0,389000,1.0,44.94,Dachgeschoss,81545,1,1,,3,True,False,True,False,False,False,False,False
0,628000,3.0,73.97,Etagenwohnung,80993,2,1,1,3,True,False,False,False,True,False,False,False
0,563000,2.0,65.0,,81827,,,,,True,False,False,False,False,False,False,False
0,849000,3.5,127.0,Dachgeschoss,81245,2,2,1,3,True,False,False,True,False,True,False,False
0,725000,2.0,76.0,,81545,1,1,1,,False,False,True,False,True,True,False,False
0,629000,2.0,59.0,Etagenwohnung,81675,1,1,1,2,False,False,True,False,True,True,False,False
0,575000,1.0,41.0,Hochparterre,80469,,1,,0,True,False,True,False,True,True,False,False
0,750000,1.0,49.0,Etagenwohnung,80333,,,,1,True,False,True,False,True,True,False,True
0,668850,2.0,67.0,Etagenwohnung,81345,2,1,1,5,True,False,False,False,True,True,False,False
0,499000,3.0,66.14,Etagenwohnung,80686,2,1,2,1,True,False,False,False,False,True,False,True
0,2550000,5.0,177.0,Dachgeschoss,80637,4,2,,4,True,True,True,True,True,True,False,True
0,199900,1.0,23.0,Etagenwohnung,81547,,1,,4,True,False,True,False,True,False,False,True
0,517500,2.0,61.0,Etagenwohnung,81927,1,1,1,2,True,False,False,False,False,True,False,False
0,799000,4.0,98.0,Etagenwohnung,81475,3,1,1,2,True,True,False,True,True,True,False,False
0,595000,3.0,87.5,Sonstige,81737,2,1,1,5,True,False,True,False,True,True,True,True
0,740000,3.0,88.92,Etagenwohnung,81927,2,1,,1,True,False,True,False,True,True,False,True
0,479000,3.0,70.0,Etagenwohnung,81673,2,,,6,True,False,False,False,True,True,False,True
0,719000,4.0,87.0,Etagenwohnung,81477,,1,,1,True,False,False,True,False,True,False,False
0,615000,3.0,107.0,Etagenwohnung,81825,2,1,1,,True,False,False,True,False,True,False,False
0,945000,4.0,106.71,Etagenwohnung,81669,3,2,,3,True,False,False,True,False,True,False,False
0,439000,2.0,50.0,Erdgeschosswohnung,80807,1,1,,1,True,False,False,False,False,True,False,False
0,549000,2.5,62.0,Etagenwohnung,81735,,,,2,True,True,False,False,False,True,False,False
0,1850000,5.0,126.4,Etagenwohnung,80538,2,2,,3,False,False,False,True,True,True,False,False
0,270000,1.0,35.36,,80995,1,1,,3,False,False,True,False,True,False,False,True
0,365000,1.0,30.2,Etagenwohnung,81667,,1,1,4,False,False,True,False,True,True,False,False
0,246000,1.0,30.0,Etagenwohnung,81735,,,1,1,True,False,False,False,True,True,False,False
0,795000,3.0,84.0,,81927,2,1,1,8,True,False,False,False,True,True,False,False
0,525000,3.0,70.28,Etagenwohnung,80997,2,1,A,0,True,False,True,True,False,True,False,True
0,299000,1.0,33.0,Etagenwohnung,81369,1,1,,2,True,True,False,False,True,True,False,False
0,649000,3.0,86.94,Etagenwohnung,81927,1,1,T,3,True,False,False,True,True,True,False,False
0,1599000,3.5,185.0,Etagenwohnung,80796,2,1,2,3,True,True,True,True,False,True,False,False
0,450000,2.5,70.0,Etagenwohnung,81475,,,,,True,False,False,False,True,False,False,False
0,729900,3.0,73.0,Dachgeschoss,81243,2,1,1,3,True,False,False,True,True,True,False,False
0,1360000,2.5,85.0,Etagenwohnung,80538,1,1,,3,True,True,True,False,True,True,False,False
0,462000,2.0,61.61,Erdgeschosswohnung,81476,1,1,,,True,True,False,False,False,True,False,False
0,655000,3.5,88.0,,81476,2,1,1,,True,True,False,False,False,True,False,False
0,3635000,3.0,177.0,,80469,2,2,1,,True,False,False,False,True,True,False,False
0,415000,2.0,55.0,Etagenwohnung,81737,1,1,1,3,True,False,True,False,False,False,False,False
0,305000,2.0,42.1,Dachgeschoss,81377,2,1,,3,False,True,True,False,False,True,False,True
0,947000,3.0,95.0,Etagenwohnung,80639,2,1,1,,True,False,False,False,True,True,False,True
0,425000,2.0,55.0,Etagenwohnung,81927,1,1,1,6,True,False,False,False,True,True,False,True
0,3790000,5.0,186.0,Dachgeschoss,80336,4,2,1,4,True,True,True,True,True,True,False,True
0,820000,3.0,80.0,Erdgeschosswohnung,85774,2,2,1,,True,True,False,False,True,True,True,False
0,1888000,4.0,142.95,Etagenwohnung,81247,,,T,1,True,False,False,False,True,False,False,False
0,390000,1.0,36.0,Etagenwohnung,81541,,1,,5,True,False,True,False,True,True,False,True
0,785000,3.0,104.0,Hochparterre,81543,2,1,1,0,True,False,False,True,False,True,False,False
0,462000,2.0,53.0,Etagenwohnung,80997,1,1,,,False,False,False,False,False,True,False,True
0,680000,3.0,75.0,Maisonette,81927,2,1,,5,True,True,True,True,True,True,True,False
0,687900,2.0,69.84,Terrassenwohnung,81245,1,1,1,0,True,False,False,False,True,True,False,False
0,789000,3.0,71.0,Etagenwohnung,81373,2,1,,1,True,True,False,False,True,True,True,False
0,460000,2.0,55.0,Terrassenwohnung,81829,1,1,1,0,True,True,False,False,False,True,False,False
0,359000,1.0,33.0,Etagenwohnung,80687,1,1,,1,True,False,True,False,True,True,True,False
0,1320000,4.0,119.0,Etagenwohnung,81369,2,1,,3,True,False,False,False,True,True,False,True
0,2950000,3.5,157.4,Etagenwohnung,80336,,1,1,,True,True,True,True,False,False,False,False
0,4250000,6.0,385.0,Erdgeschosswohnung,80538,4,4,4,0,False,False,True,True,True,False,False,False
0,899000,3.0,104.0,Etagenwohnung,80809,,,,1,True,False,True,False,True,False,False,False
0,699000,3.0,76.81,Etagenwohnung,80335,2,1,1,1,False,False,False,False,False,False,False,True
0,459000,2.0,65.0,Erdgeschosswohnung,81673,1,1,,0,True,True,True,False,True,True,False,True
0,435000,2.5,54.0,Erdgeschosswohnung,80997,1,1,,0,True,True,False,False,False,True,False,False
0,885000,2.0,94.75,,81479,,,T,,True,False,True,False,False,False,False,False
0,650000,4.0,91.0,Erdgeschosswohnung,81549,,,1,,True,False,True,False,False,False,False,False
0,760000,3.0,68.0,,80336,2,2,,3,True,False,False,True,False,False,False,True
0,369000,1.5,52.0,Etagenwohnung,81735,,1,,2,True,False,True,False,True,True,False,False
0,1149900,4.0,109.98,Maisonette,81737,,2,1,1,True,False,False,False,False,True,False,False
0,350000,1.0,32.0,Etagenwohnung,81925,1,1,,2,True,False,True,False,True,True,False,True
0,498000,2.0,50.0,Penthouse,81671,,1,1,3,True,False,True,False,True,True,False,True
0,575000,3.0,81.0,Etagenwohnung,80993,2,1,1,1,True,False,True,True,True,True,True,True
0,265000,1.0,38.33,Etagenwohnung,81543,,1,,,True,False,False,False,False,True,False,True
0,328000,1.0,24.3,Etagenwohnung,80995,,1,1,1,True,False,True,False,False,True,False,False
0,525000,2.0,70.23,Etagenwohnung,80687,1,,1,4,True,False,True,False,False,True,False,False
0,810000,3.0,77.0,Etagenwohnung,80636,,1,T,3,True,True,True,True,True,True,True,False
0,950000,3.0,100.86,Etagenwohnung,80992,2,2,1,1,True,False,True,True,True,True,False,False
0,415000,3.0,60.0,Maisonette,80997,,1,1,0,True,False,True,False,False,False,False,False
0,1275000,3.0,95.85,Etagenwohnung,81669,2,2,1,5,False,False,False,False,True,False,False,False
0,525000,2.0,65.7,Etagenwohnung,81241,1,1,1,1,False,False,False,False,True,False,False,False
0,448000,3.0,80.01,,81245,2,1,1,,True,False,True,True,True,True,False,False
0,850000,2.0,78.0,Terrassenwohnung,81925,1,1,1,4,True,False,True,False,True,True,False,False
0,220000,1.0,28.0,Etagenwohnung,80807,1,1,,4,True,False,True,False,False,False,False,False
0,528750,2.0,47.0,Erdgeschosswohnung,81479,1,1,1,0,True,True,True,False,True,True,False,True
0,595000,2.0,56.0,Etagenwohnung,81375,,1,1,1,True,False,False,False,False,True,False,False
0,520000,2.5,74.89,Etagenwohnung,81369,2,1,1,,False,False,True,False,True,True,False,False
0,8350000,5.0,253.9,Penthouse,81679,4,3,2,,True,False,True,False,True,True,False,False
0,845000,3.0,86.0,Erdgeschosswohnung,80939,,2,1,,True,False,True,True,True,True,False,False
0,1490000,4.0,177.0,Dachgeschoss,81479,3,3,1,2,True,True,True,False,False,True,False,False
0,1350000,3.0,89.0,Dachgeschoss,81541,2,1,,4,True,False,False,False,False,False,False,False
0,835000,3.0,84.0,Etagenwohnung,80803,2,1,1,6,True,False,False,True,True,True,True,True
0,201400,1.0,23.0,Etagenwohnung,81479,,1,1,1,True,False,False,False,False,True,False,True
0,725000,3.0,85.0,Etagenwohnung,81243,2,1,1,2,False,False,True,False,True,True,False,False
0,579000,2.0,62.0,Etagenwohnung,81373,1,1,,1,True,False,True,False,True,True,True,False
0,3300000,5.0,133.0,Etagenwohnung,80539,3,2,,2,True,False,True,True,True,True,False,False
0,1095000,4.0,150.0,Maisonette,81549,3,2,,,True,False,False,True,True,True,False,False
0,429000,3.0,72.0,Etagenwohnung,80993,2,1,1,4,True,False,True,False,True,True,False,False
0,1569000,3.0,106.01,Etagenwohnung,81927,2,2,1,1,True,False,True,False,True,True,False,False
0,744900,1.0,47.94,Dachgeschoss,80336,1,1,,6,False,False,True,False,True,False,False,False
0,889000,4.0,116.0,Etagenwohnung,81669,2,2,1,6,True,False,True,False,True,True,False,True
0,1150000,4.0,130.0,Erdgeschosswohnung,81677,1,2,1,1,True,False,True,True,True,True,False,False
0,420000,1.5,42.0,Etagenwohnung,80639,1,1,,1,True,False,False,False,True,False,False,False
0,477000,2.0,52.0,,81827,,,,,True,False,False,False,False,False,False,False
0,799000,3.0,99.0,Erdgeschosswohnung,81827,2,2,1,0,True,True,False,True,False,True,False,True
0,1075000,2.5,81.0,Etagenwohnung,80805,1,1,1,5,True,False,True,True,False,True,False,True
0,479000,2.0,58.77,Etagenwohnung,81379,1,1,1,1,True,False,True,False,True,True,False,False
0,2380000,5.0,187.0,,81677,4,2,2,,True,False,True,True,True,True,False,False
0,980000,4.0,144.0,Terrassenwohnung,80809,3,2,1,0,True,True,True,True,True,True,False,False
0,1490000,4.0,119.0,Etagenwohnung,80337,3,2,,1,True,False,False,True,True,True,False,False
0,649000,3.0,74.0,Etagenwohnung,80686,,1,,,True,False,True,False,True,True,False,False
0,440000,1.0,42.0,Etagenwohnung,80339,,1,1,3,True,False,True,False,True,True,False,False
0,1100000,3.0,116.0,Dachgeschoss,80997,2,2,1,2,True,False,False,False,False,True,False,True
0,460000,2.0,53.7,Etagenwohnung,81925,,1,1,4,True,False,False,False,True,False,False,False
0,328000,1.0,44.0,Erdgeschosswohnung,80993,1,1,T,,True,True,True,False,False,False,True,False
0,1690000,4.5,144.0,Etagenwohnung,81667,,,1,3,True,False,True,True,False,True,False,False
0,550000,2.0,58.0,Etagenwohnung,80333,,1,1,4,True,False,True,False,True,True,True,True
0,995000,3.0,77.0,Etagenwohnung,81541,2,1,,3,True,False,True,False,True,True,False,False
0,450000,2.0,58.0,Etagenwohnung,80637,,,,,True,False,True,False,True,True,False,False
0,820000,2.0,64.0,Etagenwohnung,80336,,,T,,False,False,True,False,False,False,False,False
0,370000,1.0,40.0,Etagenwohnung,80807,,,1,4,True,False,True,False,True,True,False,True
0,1030000,4.0,108.7,,80809,3,2,1,2,False,False,False,False,True,False,False,False
0,989000,3.0,86.35,Erdgeschosswohnung,81247,2,2,1,0,True,True,False,True,True,True,True,False
0,5850000,5.0,280.0,Terrassenwohnung,81925,,2,2,2,True,False,True,True,True,True,True,False
0,259000,1.0,24.0,Etagenwohnung,80634,1,1,1,,True,False,True,False,True,True,False,False
0,795000,2.0,82.43,Hochparterre,81543,1,1,,0,False,False,False,False,False,True,False,True
0,4500000,5.0,206.0,Penthouse,81675,3,3,2,5,True,False,True,True,True,True,True,False
0,284000,1.0,28.0,Etagenwohnung,80807,1,1,1,4,False,False,True,False,True,True,False,False
0,1240000,3.0,89.0,,81541,2,2,1,2,True,False,True,True,True,True,False,False
0,529500,2.0,34.0,Etagenwohnung,80796,1,1,,3,False,False,True,False,False,False,False,False
0,540000,2.0,73.0,Etagenwohnung,81369,1,1,,1,True,False,True,False,True,False,False,True
0,849000,4.0,115.0,,81927,2,2,1,6,True,False,True,True,True,True,False,False
0,275000,1.0,33.0,Etagenwohnung,81241,,,,2,True,False,False,False,False,False,False,False
0,500000,2.0,56.9,Dachgeschoss,81925,1,1,1,4,True,False,True,False,True,True,True,False
0,395000,2.0,45.94,Etagenwohnung,81925,1,1,,1,True,False,True,False,False,True,False,False
0,560000,2.5,70.0,Etagenwohnung,80687,,1,1,4,True,False,True,False,True,True,False,False
0,595000,2.0,67.0,,80809,1,1,,2,True,True,True,False,False,True,False,False
0,230000,1.0,20.0,Erdgeschosswohnung,80807,,,,,True,False,True,False,True,True,False,False
0,395000,1.0,26.0,Etagenwohnung,80798,,1,,1,False,False,False,False,True,True,False,False
0,1250000,4.0,105.0,Etagenwohnung,81677,3,2,1,5,True,False,True,True,True,True,True,False
0,339000,2.0,53.36,Etagenwohnung,81735,1,,1,1,True,False,True,False,True,True,False,True
0,590000,2.0,54.6,,81925,,,,,True,False,True,False,False,True,False,False
0,1905000,4.0,117.55,Etagenwohnung,80336,3,2,1,5,True,True,True,True,True,True,True,False
0,430000,2.0,60.0,Etagenwohnung,81735,1,1,1,5,True,False,True,False,True,True,False,True
0,798500,4.0,89.3,Etagenwohnung,81549,3,1,,2,True,False,False,True,False,True,False,False
0,500000,2.0,60.0,,81927,,,T,,True,False,False,False,True,True,False,False
0,254000,1.0,34.58,,81929,1,1,1,,True,False,False,False,False,False,False,False
0,365000,1.0,36.35,Etagenwohnung,81547,1,1,1,2,True,False,True,False,True,True,False,True
0,685000,3.0,81.0,,80686,1,1,,3,True,False,False,False,False,True,False,True
0,1070000,4.0,127.0,Dachgeschoss,81825,2,1,1,1,True,False,False,True,False,True,False,False
0,749000,2.0,50.0,Etagenwohnung,80803,1,1,,1,True,False,False,False,True,False,False,False
0,730000,3.0,102.0,Etagenwohnung,81476,2,1,1,3,True,False,True,True,True,True,False,False
0,990000,5.5,138.0,Maisonette,81241,4,2,2,1,True,False,True,True,False,True,False,False
0,780000,4.0,108.05,Etagenwohnung,81927,,,,5,False,True,False,False,False,False,False,False
0,955000,3.0,127.0,Maisonette,81549,2,2,1,1,True,False,True,True,False,True,False,False
0,250000,1.0,35.0,Etagenwohnung,81475,,1,,1,True,True,True,False,True,True,False,False
0,677500,3.0,77.04,Etagenwohnung,81545,,1,,2,True,True,False,True,False,True,False,False
0,2175000,4.0,164.25,,81245,3,2,2,,True,False,True,False,True,False,False,False
0,580000,2.0,56.0,Etagenwohnung,81476,,1,1,2,True,False,True,False,True,True,True,False
0,900000,2.0,180.0,Penthouse,81373,,,,,True,False,True,False,True,True,True,False
0,100000,1.0,33.0,Etagenwohnung,80809,1,1,,8,True,False,True,False,True,True,False,False
0,945000,4.0,110.18,Etagenwohnung,81677,3,1,1,3,True,False,True,False,True,False,False,False
0,1250000,3.5,139.0,Etagenwohnung,81476,2,2,1,1,True,False,True,True,True,True,True,False
0,469000,1.0,37.03,Etagenwohnung,81667,,1,,2,False,False,True,False,True,True,False,False
0,1399000,4.0,143.77,Etagenwohnung,81925,3,1,1,5,True,False,True,True,True,True,False,False
0,1040000,2.0,65.0,Etagenwohnung,80804,1,1,1,1,True,False,True,False,True,True,True,False
0,595000,3.0,87.5,Sonstige,81737,2,1,1,5,True,False,True,False,True,True,True,True
0,324000,1.0,32.0,Etagenwohnung,80809,1,1,,8,True,False,True,False,True,True,False,False
0,549000,2.5,73.5,,81925,1,1,1,7,True,False,False,False,True,False,False,True
0,1950000,5.0,148.0,Maisonette,81371,,2,1,4,False,False,True,False,False,False,False,False
0,249000,1.0,31.0,Etagenwohnung,81241,1,1,,2,True,False,True,False,True,True,False,False
0,626000,1.0,32.0,Etagenwohnung,81675,1,1,,1,True,True,False,False,True,True,False,False
0,798000,3.0,97.18,Etagenwohnung,81479,2,2,1,1,True,True,True,False,False,True,False,False
0,1300000,3.0,123.0,Etagenwohnung,81827,2,1,1,1,True,False,True,True,True,True,False,False
0,640000,2.5,66.0,Dachgeschoss,81547,,,,2,True,False,True,False,False,False,False,False
0,2215000,6.0,166.0,Dachgeschoss,80636,3,1,1,5,False,False,True,False,True,False,False,False
0,439000,2.0,60.0,Erdgeschosswohnung,81737,,1,1,,True,True,False,False,False,True,False,False
0,399000,2.5,61.0,Etagenwohnung,81241,,,D,,True,True,False,False,False,True,False,False
0,679000,2.0,85.78,Etagenwohnung,82110,1,1,1,5,True,False,False,False,True,True,False,False
0,649000,3.0,72.0,Etagenwohnung,81929,,,,,True,False,False,False,False,True,False,False
0,1250000,3.5,134.55,Penthouse,81375,,,2,6,False,False,False,True,False,False,False,False
0,546300,2.0,57.0,Etagenwohnung,80804,1,1,,6,True,False,True,False,True,True,True,True
0,449900,1.0,44.02,Erdgeschosswohnung,81825,1,1,1,1,True,False,True,False,False,True,False,False
0,546500,2.0,58.0,Etagenwohnung,81373,1,1,1,1,True,False,False,False,True,False,False,False
0,2439000,3.0,137.45,,80333,2,1,,1,True,False,True,False,False,False,False,False
0,787600,5.5,105.0,Etagenwohnung,80689,4,2,,2,True,False,True,True,True,True,False,False
0,1800000,3.0,151.0,Dachgeschoss,80802,2,1,1,5,True,False,True,True,False,True,False,False
0,478000,3.0,69.53,Etagenwohnung,80933,,,1,2,True,False,False,False,True,True,False,True
0,1349000,5.0,111.2,Erdgeschosswohnung,80333,3,3,2,,False,False,True,False,False,False,False,True
0,695000,3.0,63.81,Hochparterre,81541,2,1,,1,False,False,True,False,True,True,False,False
0,1940000,4.0,208.0,Erdgeschosswohnung,81827,3,2,T,,False,False,True,False,False,False,False,False
0,650000,4.0,80.0,,81927,,,,,False,False,False,False,False,False,False,False
0,399000,1.0,39.0,Sonstige,81925,,,,,True,True,True,False,True,True,True,False
0,1660000,3.0,125.0,Penthouse,80639,2,1,2,2,True,False,True,False,False,True,False,False
0,399000,2.0,58.0,Etagenwohnung,81735,1,1,1,2,True,False,True,False,True,False,False,True
0,625000,4.0,86.78,Etagenwohnung,81369,3,1,1,1,True,False,True,False,False,False,False,True
0,395000,1.0,47.1,Etagenwohnung,81379,1,1,1,4,True,False,False,False,True,True,False,False
0,369000,1.0,42.0,Etagenwohnung,81477,,1,1,3,True,False,True,False,True,True,False,False
0,3174000,5.0,179.34,Maisonette,81541,4,2,1,5,True,False,True,True,True,False,True,False
0,2500000,4.5,148.16,Dachgeschoss,80636,3,2,,5,False,False,False,True,True,False,False,False
0,770000,3.0,96.0,Etagenwohnung,80939,2,1,1,1,False,True,True,True,False,True,False,False
0,799000,3.0,91.0,Etagenwohnung,81545,2,1,,,False,False,False,True,True,True,False,True
0,649000,3.0,65.82,Etagenwohnung,80939,,1,1,2,True,True,True,False,False,True,False,False
0,246116,1.0,23.34,Etagenwohnung,81739,1,1,,4,True,False,True,False,True,True,False,False
0,1335000,3.0,110.2,Terrassenwohnung,81479,2,2,1,0,True,True,True,False,True,False,True,False
0,1615000,3.5,125.43,Hochparterre,81925,2,1,2,0,True,True,True,True,True,True,False,False
0,825000,2.5,87.0,Terrassenwohnung,80333,1,3,,,True,True,True,True,False,True,True,False
0,420000,3.0,77.82,Etagenwohnung,81929,,1,1,1,True,False,True,False,False,True,False,True
0,380000,2.0,45.0,Souterrain,81675,1,1,,,True,False,True,False,False,True,False,True
0,599000,2.5,57.0,Etagenwohnung,81541,2,,,1,False,True,True,False,False,True,False,False
0,2950000,4.5,223.0,Loft,80634,3,2,2,1,True,False,True,False,True,True,False,False
0,426000,2.0,60.0,Etagenwohnung,80807,1,1,,1,True,False,True,False,False,True,False,True
0,1100000,3.0,92.0,,80802,2,1,1,5,False,False,True,False,True,True,False,True
0,893800,3.0,94.0,Etagenwohnung,81345,2,1,1,3,True,False,False,True,False,True,False,False
0,468000,2.5,52.21,,81377,2,1,,0,False,True,False,False,False,True,False,False
0,637000,1.0,38.5,Erdgeschosswohnung,80336,,1,1,,True,True,True,False,True,True,False,True
0,305000,1.0,29.0,Sonstige,81543,,1,,4,False,False,True,False,True,True,False,True
0,825000,2.5,87.0,Terrassenwohnung,80539,1,3,,,True,True,True,True,False,True,True,False
0,1950000,4.0,143.6,Dachgeschoss,80637,2,2,1,,True,False,False,True,True,False,False,False
0,329000,1.0,28.0,Etagenwohnung,81925,,,,,True,False,False,True,True,False,False,False
0,398000,2.0,61.6,Etagenwohnung,81673,1,1,,3,True,False,True,False,False,True,False,True
0,288000,2.0,35.0,Etagenwohnung,80337,1,1,,3,False,False,False,False,False,True,False,False
0,659000,2.0,77.0,Etagenwohnung,80687,2,2,1,1,True,True,True,True,True,True,False,False
0,379000,2.0,59.0,Etagenwohnung,80937,1,1,,2,True,False,True,False,True,True,False,False
0,1070000,4.0,113.0,Etagenwohnung,80636,,,1,,True,False,True,False,True,False,False,False
0,325000,1.0,35.0,Etagenwohnung,81369,1,,1,5,True,False,False,False,True,False,False,False
0,439000,1.5,47.69,Etagenwohnung,81369,,1,,,True,False,False,False,True,True,False,False
0,795000,2.5,82.69,Erdgeschosswohnung,81827,1,2,1,0,True,True,True,False,False,True,False,False
0,899000,3.0,87.48,Erdgeschosswohnung,81827,2,1,1,,True,True,False,False,True,False,False,False
0,270000,1.0,34.75,Hochparterre,80937,1,1,1,,True,False,True,False,False,True,False,False
0,450000,2.5,52.0,,80997,2,1,,0,True,False,True,False,False,False,False,True
0,1187000,4.0,110.0,Etagenwohnung,81479,,2,1,0,True,True,True,True,True,True,True,False
0,169000,1.0,37.28,Sonstige,80809,1,1,,1,True,False,False,False,True,False,False,False
0,529000,1.5,63.4,Maisonette,80999,1,1,1,,True,False,False,False,True,True,False,False
0,599000,4.0,90.0,Dachgeschoss,80995,3,2,,,False,False,True,False,False,True,False,False
0,472000,2.0,64.3,Etagenwohnung,81673,1,1,,1,True,True,True,False,True,True,False,False
0,960000,3.0,100.33,Erdgeschosswohnung,80807,1,1,1,0,True,True,True,True,True,True,True,False
0,530000,3.0,66.0,Etagenwohnung,80636,,1,,2,True,False,True,False,False,True,False,False
0,597000,2.0,60.1,Etagenwohnung,80687,1,1,,6,True,False,False,False,True,True,False,False
0,449000,1.5,53.0,,81373,1,1,,,False,False,False,False,True,False,False,False
0,747000,4.0,84.47,Etagenwohnung,81369,3,1,,3,True,False,False,True,False,True,False,False
0,1750000,4.0,120.0,Etagenwohnung,80538,2,1,,3,True,False,True,False,False,True,False,True
0,1464000,3.0,152.37,,81476,2,3,1,,True,True,False,False,False,True,False,False
0,610000,3.0,84.0,Erdgeschosswohnung,81739,2,1,1,0,False,True,True,False,True,True,False,False
0,1295000,3.0,121.0,Dachgeschoss,81925,2,1,1,2,True,False,True,True,False,True,False,False
0,679000,2.0,53.11,Etagenwohnung,80538,1,1,,3,False,False,True,False,False,True,False,False
0,795000,3.0,85.0,Etagenwohnung,81825,2,1,1,1,True,False,False,True,False,True,False,False
0,205000,1.0,22.0,Dachgeschoss,81669,,1,1,3,True,False,True,False,False,False,False,True
0,1333000,3.0,86.0,Etagenwohnung,80637,2,1,,2,True,False,False,False,True,True,False,False
0,998000,3.5,111.0,,81479,,,1,0,True,True,True,False,False,False,False,False
0,659000,2.0,79.0,Etagenwohnung,81379,,1,1,,True,False,True,False,True,True,True,False
0,998200,3.5,97.5,Maisonette,81241,2,2,1,2,True,True,False,True,True,True,False,False
0,320000,2.5,60.62,Etagenwohnung,81377,,1,,2,False,False,False,False,False,True,False,True
0,1395000,3.0,72.45,Dachgeschoss,81677,2,1,1,,True,False,True,False,True,True,False,False
0,425000,2.0,47.0,Etagenwohnung,81245,1,1,,2,False,False,True,False,False,True,False,True
0,935000,3.0,76.9,Hochparterre,80469,2,1,,0,True,False,True,False,True,False,False,False
0,385000,1.0,24.0,Hochparterre,80335,,1,,1,False,False,True,False,True,True,False,False
0,1174500,5.0,122.0,Terrassenwohnung,81739,2,2,1,1,True,True,True,True,False,True,False,False
0,835000,3.0,84.0,Etagenwohnung,80803,2,1,1,6,True,False,False,True,True,True,True,True
0,2100000,5.5,248.33,Dachgeschoss,81669,4,2,,,True,True,True,False,False,False,False,False
0,525000,2.0,53.0,Etagenwohnung,80639,,,1,,True,False,False,False,True,False,False,False
0,1560000,4.0,125.0,Penthouse,80809,3,2,1,1,True,False,True,True,True,True,False,False
0,495000,2.0,58.12,Etagenwohnung,81829,1,1,1,1,True,True,False,False,True,True,False,True
0,1099000,3.0,105.06,Dachgeschoss,81476,2,2,1,2,True,False,False,True,False,True,False,False
0,994000,4.0,130.0,Erdgeschosswohnung,80937,3,2,1,,True,False,True,True,False,True,False,False
0,1095000,2.0,67.0,Etagenwohnung,80469,1,1,,3,False,False,True,True,False,True,False,False
0,1040000,4.0,83.39,Erdgeschosswohnung,81247,3,2,1,0,True,True,False,False,False,True,True,False
0,515000,3.0,72.0,Etagenwohnung,80993,,1,1,4,True,False,False,False,True,True,True,False
0,7200000,8.0,348.0,Etagenwohnung,80331,4,4,1,4,True,False,True,True,True,True,False,False
0,498000,2.0,57.5,,81549,,,1,2,True,False,True,False,True,True,True,False
0,795000,3.0,100.0,Etagenwohnung,81369,2,1,1,1,True,True,True,True,True,True,True,False
0,700000,2.0,80.55,Etagenwohnung,80804,2,1,,4,True,False,True,False,True,True,False,False
0,880000,3.5,115.0,Erdgeschosswohnung,81476,,,1,0,True,True,False,True,False,True,False,False
0,800000,3.5,99.0,Etagenwohnung,81927,2,1,,2,True,False,True,True,True,True,False,False
0,269000,1.0,36.0,Etagenwohnung,81549,1,1,1,1,True,False,True,False,False,True,False,False
0,692000,3.5,77.21,,81549,2,1,1,,True,False,True,False,True,True,False,False
0,450000,3.0,88.0,Terrassenwohnung,80686,2,1,1,0,True,False,True,True,True,True,False,False
0,482000,3.0,68.0,Sonstige,81475,,,,1,True,False,False,False,False,True,False,False
0,590000,2.0,54.6,Etagenwohnung,80538,1,1,1,3,True,False,True,False,True,True,False,True
0,495000,1.0,42.0,Etagenwohnung,81667,,1,,3,False,False,False,False,True,False,False,False
0,899000,3.0,88.09,Etagenwohnung,81479,,1,,1,True,False,False,True,False,False,False,False
0,1950000,4.0,101.0,Etagenwohnung,80469,2,1,,3,True,False,False,False,False,True,False,False
0,798000,3.0,77.0,,81477,2,1,1,1,True,True,False,False,False,True,False,False
0,625000,1.0,42.0,Penthouse,80335,,1,,6,True,False,True,False,True,True,False,False
0,3950000,6.0,228.0,Penthouse,81925,3,2,2,,True,False,True,True,True,True,False,False
0,450000,3.0,76.5,Etagenwohnung,81927,2,2,1,2,True,False,True,True,True,True,False,False
0,460000,2.0,50.0,Erdgeschosswohnung,81543,1,1,1,,True,False,False,False,False,False,False,True
0,1469000,4.0,127.0,,80992,,2,1,3,False,True,False,True,False,False,False,False
0,990000,2.0,83.0,Penthouse,80807,1,1,1,4,True,False,True,False,True,True,True,False
0,295000,2.0,41.59,Etagenwohnung,81925,1,1,,4,True,False,False,False,False,False,False,False
0,520000,3.0,73.0,Etagenwohnung,81825,2,1,1,4,True,False,True,False,True,True,False,False
0,629000,3.0,73.0,Etagenwohnung,80687,2,1,,4,True,False,True,False,True,True,False,False
0,800000,3.0,97.7,Dachgeschoss,81377,,2,1,4,True,False,False,False,True,True,False,True
0,825000,2.5,87.0,Terrassenwohnung,80331,1,3,,,True,True,True,True,False,True,True,False
0,2600000,5.0,157.29,Maisonette,80333,3,2,1,,True,False,False,True,False,True,False,False
0,529000,2.0,57.0,Etagenwohnung,81677,1,1,,4,True,False,True,False,False,False,False,False
0,770000,4.0,80.0,Terrassenwohnung,81825,2,1,1,0,True,True,False,True,False,True,True,False
0,3050000,7.0,255.0,Sonstige,80639,2,2,2,,True,True,True,True,True,True,True,False
0,595000,3.0,66.0,,81539,,,,,False,False,False,False,False,False,False,False
0,795000,2.0,65.0,Etagenwohnung,80333,1,1,,3,False,False,True,False,True,False,False,True
0,1655000,4.0,135.13,Etagenwohnung,80335,2,2,1,,True,False,True,True,True,False,True,False
0,755000,3.0,85.0,Etagenwohnung,81476,2,1,,4,True,False,True,False,False,False,False,False
0,245475,1.0,25.55,Etagenwohnung,81379,,,,6,True,False,True,False,True,False,False,False
0,1150000,3.0,98.2,Penthouse,81241,2,1,1,2,True,False,True,False,True,True,True,False
0,1490000,3.0,107.0,Etagenwohnung,80339,2,1,,3,False,False,True,False,False,True,False,False
0,960000,3.0,77.62,Etagenwohnung,80797,2,1,1,1,True,False,True,False,True,True,False,False
0,669000,2.5,82.45,Etagenwohnung,81247,2,1,,1,True,False,False,False,False,True,False,False
0,420000,2.0,44.0,Dachgeschoss,80997,1,1,1,3,True,True,True,False,False,True,False,False
0,690000,2.0,57.0,Etagenwohnung,80636,1,1,,3,True,True,True,False,False,True,False,False
0,389000,1.0,33.9,Etagenwohnung,81541,,1,1,1,True,False,True,False,False,True,False,False
0,199400,1.0,42.0,Etagenwohnung,81477,1,,,2,False,False,False,False,True,False,False,False
0,1890000,3.0,112.0,,80469,,2,1,4,True,False,True,True,True,True,True,False
0,1369000,4.0,100.0,Erdgeschosswohnung,81245,3,2,1,,True,True,False,True,True,True,False,False
0,416000,2.0,51.89,Etagenwohnung,81827,1,1,1,,True,False,False,False,True,True,False,True
0,400000,2.0,57.0,Hochparterre,80796,1,1,,,True,False,True,False,False,True,False,True
0,399000,1.0,28.0,Etagenwohnung,80336,1,1,1,4,True,False,True,False,True,True,True,False
0,511000,3.0,78.91,,80805,2,1,1,1,True,False,False,True,True,True,False,False
0,328750,1.0,26.3,Hochparterre,80637,1,1,,0,False,False,True,False,False,False,False,True
0,819000,4.0,91.0,Maisonette,80999,2,1,1,0,True,False,False,False,True,True,True,False
0,339000,1.0,37.0,,81735,,,T,,False,True,False,False,False,False,False,False
0,910000,2.0,71.0,Etagenwohnung,80801,1,1,,5,True,False,True,False,True,True,False,False
0,948000,3.5,100.26,Erdgeschosswohnung,81479,2,2,1,0,True,True,True,False,True,True,False,False
0,910000,2.0,63.0,,80331,1,1,,,False,False,True,False,True,True,False,False
0,248000,1.0,26.5,Etagenwohnung,80337,1,1,,1,True,False,True,False,True,False,True,True
0,675000,3.0,71.0,Erdgeschosswohnung,80992,2,1,,,True,False,True,False,False,True,False,False
0,149000,1.0,36.84,Etagenwohnung,80992,,1,,4,True,False,False,False,False,False,False,False
0,499000,1.0,51.0,,81541,1,1,1,5,True,False,True,False,True,True,True,False
0,1190000,3.0,93.0,Etagenwohnung,80335,2,1,,3,True,False,True,True,True,True,False,False
0,490000,3.0,79.45,Etagenwohnung,81735,2,1,,,True,False,False,True,True,False,False,False
0,930000,3.0,84.0,Etagenwohnung,81925,2,1,1,3,True,False,True,True,True,True,True,False
0,520000,2.0,62.86,Sonstige,81369,,1,1,,True,False,False,False,False,True,False,False
0,1590000,5.5,185.0,Penthouse,81245,4,2,1,3,True,False,True,False,False,True,False,False
0,795000,3.0,82.36,Dachgeschoss,81669,2,1,2,3,True,False,False,False,True,False,False,False
0,914900,3.0,75.95,Erdgeschosswohnung,80335,,,,,True,False,False,False,True,True,False,False
0,264000,1.0,33.0,Etagenwohnung,80807,,,1,,True,False,True,False,True,False,False,False
0,269000,1.0,33.0,,81373,,1,1,3,True,False,False,False,True,True,False,True
0,678000,3.0,80.4,,81927,,,,,True,False,False,False,True,True,False,True
0,639000,2.0,53.0,,80807,,1,2,,False,True,False,False,True,True,False,False
0,425000,1.0,31.0,Erdgeschosswohnung,80807,1,1,1,0,False,False,False,False,True,True,True,False
0,769000,2.0,62.14,Dachgeschoss,81545,1,1,1,3,True,False,True,False,True,True,True,False
0,1630000,3.5,81.0,Erdgeschosswohnung,80469,3,2,1,0,True,False,True,True,True,True,True,False
0,329000,1.0,37.5,Etagenwohnung,80993,,1,1,,True,False,False,False,True,True,False,False
0,299000,1.0,22.0,Etagenwohnung,80637,1,1,1,3,True,False,True,False,True,True,False,False
0,399000,2.0,56.0,Etagenwohnung,80680,1,1,,5,True,False,True,False,True,True,False,False
0,1350000,5.0,117.0,Etagenwohnung,81927,,2,,1,True,True,False,True,True,True,True,True
0,429000,1.0,41.2,Dachgeschoss,80686,1,1,,3,True,False,True,False,False,True,False,False
0,350000,1.0,33.0,Terrassenwohnung,81827,,1,1,0,True,True,True,False,False,True,False,True
0,900000,3.0,87.0,Etagenwohnung,80337,2,1,1,2,True,False,True,True,True,True,False,False
0,385000,2.0,52.0,Etagenwohnung,81673,1,1,1,1,True,False,True,False,False,True,False,True
0,1560000,4.0,110.0,Etagenwohnung,80333,3,1,1,1,True,True,True,True,True,True,False,False
0,1190000,4.0,124.0,Erdgeschosswohnung,81369,3,1,,0,True,True,True,True,True,True,False,False
0,630000,3.0,76.0,Terrassenwohnung,81929,2,2,1,0,True,True,False,True,False,True,False,True
0,2290000,3.0,126.33,Etagenwohnung,80538,2,2,1,6,True,False,True,True,True,True,False,False
0,1210000,2.0,76.29,,80538,1,1,,-,True,True,True,False,True,True,False,False
0,1425000,3.0,81.1,Etagenwohnung,80337,1,1,,3,True,False,False,False,True,True,False,False
0,399000,2.0,44.46,Etagenwohnung,80997,1,1,,1,True,False,True,False,False,False,False,True
0,645000,3.0,77.0,Etagenwohnung,81541,2,2,1,1,True,False,False,False,True,False,False,False
0,529000,2.0,54.37,Terrassenwohnung,81737,,1,,0,True,False,True,False,True,True,True,False
0,245000,1.0,50.0,Etagenwohnung,81925,,,,1,False,True,False,False,True,False,True,True
0,595000,2.0,62.0,Etagenwohnung,80335,1,1,,2,False,False,True,False,False,True,False,False
0,945000,4.0,107.0,Erdgeschosswohnung,80999,2,2,1,,True,True,True,True,True,True,True,False
0,289000,1.0,32.0,,81735,,,T,,True,False,True,False,False,True,False,False
0,650000,3.0,76.24,Erdgeschosswohnung,81929,2,1,1,,True,False,True,False,True,True,False,False
0,1199000,4.0,110.0,Dachgeschoss,81677,,1,,4,True,False,True,False,False,True,False,False
0,585000,3.0,75.54,Etagenwohnung,81927,2,1,1,4,True,False,False,False,True,True,False,False
0,999000,3.0,110.0,,81477,,1,1,1,True,False,False,False,False,True,False,False
0,1895000,3.0,126.87,Dachgeschoss,81543,1,1,,5,True,False,False,True,False,True,False,True
0,948000,4.0,100.0,Etagenwohnung,81369,3,2,1,3,True,False,True,True,True,True,True,False
0,420000,3.0,67.0,Etagenwohnung,81679,2,1,1,4,True,False,True,False,False,True,False,False
0,655000,3.0,84.0,Etagenwohnung,81927,2,1,1,1,True,False,True,False,False,True,False,False
0,719000,3.0,92.0,Maisonette,81927,2,2,1,,True,False,True,False,True,True,False,True
0,479000,2.0,32.17,Etagenwohnung,81675,1,1,,1,False,True,True,False,True,True,False,False
0,649000,4.0,76.5,Dachgeschoss,81825,3,1,,4,True,False,False,False,False,True,False,False
0,666500,3.0,86.0,Etagenwohnung,80939,2,1,1,1,True,False,False,False,True,False,False,False
0,458000,3.0,71.0,Etagenwohnung,80993,1,1,1,2,True,False,True,False,True,True,False,False
0,364000,2.0,56.5,Etagenwohnung,82110,1,1,1,3,True,False,False,False,True,True,False,True
0,395000,2.0,50.0,Etagenwohnung,80939,,1,,2,True,False,True,False,False,True,False,False
0,520000,2.0,57.0,Etagenwohnung,81673,1,1,1,6,True,False,True,False,True,True,True,False
0,537000,2.0,60.0,Etagenwohnung,81545,1,1,1,1,True,False,True,False,False,True,False,True
0,420000,2.0,50.0,Etagenwohnung,80807,,,1,2,False,False,True,True,True,True,False,True
0,500000,2.0,60.0,Etagenwohnung,81927,,1,1,2,True,False,False,False,True,True,False,False
0,259900,1.0,24.41,Etagenwohnung,80809,1,1,1,1,False,False,True,False,True,True,True,True
0,1197000,3.0,72.37,Terrassenwohnung,80807,,2,1,2,True,False,False,True,True,True,True,False
0,668500,2.0,66.88,Hochparterre,81543,1,1,,0,False,False,False,False,False,True,False,True
0,1549000,4.0,85.61,Etagenwohnung,80337,3,1,,1,True,True,True,True,True,True,False,False
0,705000,4.0,89.0,Etagenwohnung,81375,,,1,2,True,False,True,False,True,True,False,False
0,840000,2.5,82.0,Erdgeschosswohnung,81371,1,1,,,False,True,True,False,False,True,False,True
0,1450000,4.5,167.3,Penthouse,81375,,,2,6,False,False,False,True,False,False,False,False
0,1080000,3.0,101.0,Etagenwohnung,81541,,,1,2,True,False,True,False,True,True,False,False
0,760000,3.0,76.0,Etagenwohnung,80807,2,1,1,2,True,False,False,False,True,True,False,False
0,797000,1.0,84.0,Maisonette,80809,1,1,,,True,True,True,False,True,True,True,False
0,260000,1.0,31.0,,81379,,1,,3,False,False,False,False,True,False,False,False
0,598000,2.0,63.22,Hochparterre,81379,1,1,1,0,True,True,True,False,True,True,False,False
0,620000,2.0,55.0,Etagenwohnung,80639,1,1,,1,False,False,True,False,False,True,False,True
0,765000,3.5,74.0,Erdgeschosswohnung,81545,2,2,1,,True,True,True,True,False,True,False,True
0,270000,1.5,41.0,Etagenwohnung,81925,1,1,,7,True,False,True,False,True,True,True,True
0,1285000,4.0,134.3,Etagenwohnung,81827,3,2,1,3,True,False,True,False,True,True,False,False
0,810000,3.0,64.09,Etagenwohnung,80538,,,,,True,False,True,False,True,True,False,False
0,539000,2.0,70.0,Etagenwohnung,80687,1,2,1,4,True,False,True,False,True,True,False,False
0,445000,1.0,34.0,Etagenwohnung,80804,1,1,,3,True,False,True,False,True,True,False,False
0,375000,2.0,43.31,Etagenwohnung,81735,1,1,1,3,True,False,True,False,True,True,False,False
0,275000,1.5,34.0,Erdgeschosswohnung,81475,1,1,,0,False,False,False,False,True,True,False,True
0,590000,2.0,57.0,Dachgeschoss,81247,1,1,1,,True,False,True,False,False,True,False,False
0,650000,3.0,98.5,Etagenwohnung,81735,,1,1,5,True,False,False,True,False,True,False,False
0,270000,1.0,31.0,Etagenwohnung,80809,,1,,6,True,False,True,False,True,True,False,False
0,569000,3.0,74.0,,80997,2,1,,1,True,False,True,False,True,True,False,False
0,4300000,5.0,213.0,,80469,3,3,1,1,True,False,False,False,True,True,False,False
0,1799000,7.0,178.0,Penthouse,80939,,,2,4,True,False,True,False,True,True,False,False
0,499000,3.0,73.0,Etagenwohnung,85521,2,1,1,2,True,False,False,False,True,True,False,False
0,498000,1.0,46.0,Etagenwohnung,80804,,1,1,0,True,False,True,False,True,True,True,False
0,1085000,3.0,84.76,Dachgeschoss,81247,2,1,1,,True,False,False,False,False,True,False,False
0,1920000,3.5,132.0,,81667,3,1,,5,True,False,True,False,True,True,False,False
0,305000,1.0,33.0,Dachgeschoss,81669,1,1,1,8,True,False,True,False,True,True,False,False
0,249000,1.0,50.0,Etagenwohnung,81829,,,,1,False,True,False,False,True,False,True,True
0,298000,1.0,32.2,Etagenwohnung,80805,,,,2,False,False,False,False,True,False,False,False
0,1239000,3.0,158.19,Dachgeschoss,81241,2,2,1,4,True,False,False,True,True,True,False,False
0,3850000,3.0,184.0,,80469,2,2,1,2,True,False,False,False,True,True,False,False
0,325000,2.0,46.79,Etagenwohnung,81673,1,1,,3,True,False,True,False,False,True,False,True
0,488000,3.0,75.0,Etagenwohnung,80992,2,1,1,3,True,False,False,False,False,False,False,True
0,2750000,3.0,134.0,Sonstige,80469,2,1,1,2,True,False,True,True,True,True,True,False
0,479000,2.0,46.89,Etagenwohnung,80637,,1,1,,True,False,False,False,False,True,False,True
0,319000,1.0,33.0,,81539,,1,,2,True,False,False,False,False,True,False,False
0,488700,3.0,76.65,Etagenwohnung,81549,3,1,1,,True,False,True,True,True,True,False,False
0,970000,3.0,111.0,Maisonette,81827,2,1,1,2,True,False,True,True,False,True,False,False
0,440000,1.0,34.0,Etagenwohnung,81679,1,1,1,,True,False,False,False,True,False,False,False
0,895000,2.0,63.0,Etagenwohnung,80333,,,1,1,True,False,True,False,True,True,True,False
0,990000,4.0,106.0,Hochparterre,81541,,1,,,True,False,False,True,False,True,False,False
0,815000,3.0,75.0,Etagenwohnung,80797,2,1,,3,True,False,True,False,True,True,False,False
0,538000,3.0,67.54,Etagenwohnung,81475,2,1,,7,True,False,True,False,True,True,False,False
0,939000,3.0,125.31,Etagenwohnung,82110,2,1,1,6,True,False,False,False,True,True,False,False
0,440000,1.5,42.65,Etagenwohnung,80335,,,1,,True,False,True,False,True,True,False,False
0,508000,3.0,79.0,Dachgeschoss,81249,1,1,,8,True,False,True,False,True,True,False,False
0,459000,3.0,61.64,,81476,,1,,,True,False,False,False,True,False,False,False
0,299500,3.0,115.0,Etagenwohnung,80809,2,2,1,6,True,False,False,False,True,True,True,True
0,279900,1.0,28.27,Etagenwohnung,81371,1,1,1,1,False,False,True,False,True,True,True,True
0,1360000,2.5,85.0,Etagenwohnung,80333,1,1,,3,True,True,True,False,True,True,False,False
0,335000,2.0,44.0,Etagenwohnung,80933,,,,,True,False,False,False,True,False,False,False
0,400000,2.5,63.55,Etagenwohnung,81476,2,1,,1,True,False,True,False,True,True,False,True
0,2290000,4.0,176.0,Etagenwohnung,80638,2,2,2,3,True,False,True,True,True,True,True,False
0,570000,3.5,81.0,Etagenwohnung,81737,1,1,1,2,True,False,False,True,True,True,False,False
0,499000,2.0,61.73,Etagenwohnung,81925,,1,1,1,True,False,False,False,True,False,False,False
0,1700000,7.0,424.0,Erdgeschosswohnung,81543,6,2,,,True,False,True,True,True,True,False,True
0,417000,2.0,70.82,Etagenwohnung,81735,1,1,1,5,False,False,True,False,True,True,False,False
0,899900,1.0,55.46,Maisonette,80336,1,1,,4,True,False,True,False,True,False,False,False
0,632500,2.0,59.0,Etagenwohnung,80634,1,1,,1,False,False,True,False,True,True,False,False
0,764000,3.0,85.0,Erdgeschosswohnung,82194,2,1,1,,False,True,True,False,False,False,False,False
0,615500,2.0,67.19,Dachgeschoss,81827,1,1,1,2,True,False,True,False,False,True,False,False
0,615000,2.0,50.0,Souterrain,80639,,1,,,False,False,True,False,False,False,False,True
0,980000,4.0,144.0,Maisonette,80809,3,2,1,0,True,True,True,True,True,True,False,False
0,1290000,3.0,130.0,Terrassenwohnung,81479,2,1,1,1,True,False,True,True,True,True,True,True
0,289000,1.0,22.0,Hochparterre,80796,1,1,,0,False,True,True,False,True,True,False,True
0,338000,1.0,32.0,,81925,1,1,,,True,False,False,False,True,True,False,False
0,1630000,5.0,181.02,Dachgeschoss,82031,3,2,2,2,True,False,True,True,True,False,False,False
0,2638000,6.0,182.08,Etagenwohnung,81679,4,1,1,3,True,False,False,True,True,True,False,True
0,495000,2.5,78.0,Etagenwohnung,85221,1,1,,1,False,False,True,False,False,False,False,False
0,686000,2.5,75.0,Etagenwohnung,80339,1,1,2,0,True,False,True,False,True,True,False,False
0,240000,1.0,26.0,Erdgeschosswohnung,80337,,1,,0,True,True,True,False,True,False,True,True
0,445000,1.0,34.0,Etagenwohnung,80807,1,1,,3,True,False,True,False,True,True,False,False
0,729000,3.0,87.0,Etagenwohnung,81369,,,1,,False,False,False,True,True,True,False,False
0,429900,1.0,28.38,Etagenwohnung,80336,1,1,,5,False,False,True,False,True,False,False,False
0,790000,2.0,91.0,Penthouse,81737,1,,1,,True,False,True,True,True,True,False,False
0,725000,4.0,97.2,Etagenwohnung,80995,3,1,1,1,False,False,False,False,True,True,False,False
0,335000,1.0,23.94,Etagenwohnung,80538,,1,,1,False,False,True,False,True,False,False,False
0,573000,2.5,65.17,Etagenwohnung,80637,1,1,,2,True,False,True,True,True,False,False,False
0,1570000,4.5,107.2,Etagenwohnung,80333,3,2,,3,True,False,True,True,True,True,False,True
0,590000,2.5,76.26,Etagenwohnung,80807,1,1,1,4,True,False,True,False,True,True,False,False
0,1100000,4.0,99.4,Erdgeschosswohnung,81925,,,1,0,True,True,False,True,False,True,False,False
0,625000,4.0,83.0,Etagenwohnung,81243,3,1,1,,True,False,True,True,False,True,False,False
0,830000,3.0,86.0,Etagenwohnung,81827,2,2,1,1,True,False,True,False,False,True,False,True
0,2250000,3.0,131.0,,81679,,,T,,True,False,True,True,True,True,False,False
0,1998000,4.0,134.0,Dachgeschoss,80469,,,,4,False,False,True,True,True,False,False,False
0,288000,1.0,37.0,Etagenwohnung,80993,1,1,,1,True,False,False,False,True,True,False,False
0,632000,2.0,65.0,Etagenwohnung,80796,2,2,2,3,False,False,True,True,True,True,False,False
0,690000,3.0,81.0,Etagenwohnung,81245,,,1,,False,False,False,False,False,True,False,False
0,949000,3.0,125.0,Erdgeschosswohnung,81249,2,1,1,0,True,True,True,True,False,True,False,False
0,5290000,4.0,270.0,Erdgeschosswohnung,81925,,2,2,,True,True,True,True,False,True,False,False
0,660000,3.0,80.96,Erdgeschosswohnung,81477,2,1,1,,True,False,True,False,False,False,False,False
0,1030000,3.0,98.0,,81925,,2,1,,True,False,True,True,True,True,False,False
0,575000,2.0,52.82,Etagenwohnung,81825,,1,1,2,True,False,True,False,True,True,True,False
0,820000,2.0,63.87,Etagenwohnung,80803,2,1,,1,True,False,True,False,False,True,False,False
0,1150000,3.0,83.51,Etagenwohnung,80803,2,1,,2,True,False,True,False,True,True,False,False
0,2900000,4.0,160.32,Terrassenwohnung,80538,3,3,2,0,True,True,True,True,True,True,True,False
0,695000,4.0,96.0,Etagenwohnung,81241,3,1,1,1,True,True,True,True,True,True,False,False
0,590000,3.0,76.0,Etagenwohnung,80939,2,1,1,2,True,False,True,True,False,True,False,False
0,299000,1.0,35.0,Dachgeschoss,81829,1,1,1,2,True,False,True,False,False,True,False,False
0,950000,3.5,81.0,Erdgeschosswohnung,80469,,1,,,True,False,True,False,True,True,False,True
0,278000,2.0,43.0,Etagenwohnung,81543,1,1,,3,True,False,True,False,True,False,True,False
0,3190000,5.0,192.0,Maisonette,80637,3,2,1,,True,False,True,False,True,False,False,False
0,580000,2.0,49.0,Erdgeschosswohnung,80796,1,1,,,False,False,True,False,True,True,True,False
0,695000,3.5,101.0,Dachgeschoss,85757,2,1,1,1,False,False,True,False,False,False,False,False
0,3600000,4.0,222.0,Penthouse,80804,3,2,2,5,True,False,True,True,True,True,True,False
0,740000,2.0,48.0,Etagenwohnung,81675,1,1,1,4,True,False,False,False,True,True,False,False
0,1799000,7.0,178.0,,80939,,,2,4,True,False,True,False,True,True,False,False
0,449000,2.0,49.0,,81477,2,2,,0,True,False,True,False,False,True,False,False
0,1050000,3.0,97.0,Erdgeschosswohnung,81479,2,1,1,,True,True,True,False,False,True,False,False
0,215000,1.0,23.0,,81549,,,,,True,False,True,False,True,True,False,False
0,2100000,3.0,162.35,Penthouse,81379,2,2,3,4,True,False,True,True,True,True,True,False
0,445000,2.5,61.0,Dachgeschoss,81377,1,1,,5,False,False,True,False,False,True,False,False
0,600000,1.0,45.95,Erdgeschosswohnung,80638,,1,1,0,True,True,True,False,False,True,False,False
0,409000,1.0,29.0,Etagenwohnung,80336,,1,,,True,False,False,False,True,False,False,False
0,663000,2.0,46.0,Etagenwohnung,80337,1,1,,1,True,False,True,False,True,True,False,False
0,1450000,3.0,103.0,Dachgeschoss,80331,2,2,,5,False,False,True,True,False,True,False,False
0,2000000,4.0,115.0,Erdgeschosswohnung,81925,,,1,,True,True,True,True,True,True,True,True
0,445000,1.0,52.94,Hochparterre,81545,,1,1,,True,False,True,False,True,True,False,False
0,650000,3.0,73.0,Etagenwohnung,80993,2,1,1,5,True,True,True,False,True,True,False,False
0,520000,2.0,48.0,Erdgeschosswohnung,80335,,,1,0,True,True,False,False,True,True,False,False
0,1259000,4.0,103.9,Etagenwohnung,81541,3,2,1,0,True,False,True,False,True,True,True,False
0,626000,1.0,32.0,Etagenwohnung,81675,1,1,,1,True,True,False,False,True,True,False,False
0,478200,3.0,59.77,Etagenwohnung,81827,2,1,1,7,True,False,False,False,True,True,False,False
0,1299000,4.0,155.28,Etagenwohnung,81476,3,3,1,1,True,False,False,False,False,True,False,False
0,724900,3.0,80.0,Terrassenwohnung,80935,,1,1,0,True,False,False,False,False,False,False,False
0,365000,2.0,51.0,Etagenwohnung,81243,1,1,1,4,True,False,True,False,True,True,False,False
0,1130000,3.0,110.0,Etagenwohnung,81677,2,2,1,2,True,False,True,True,True,False,True,False
0,1125000,5.0,127.0,Etagenwohnung,81669,3,2,1,7,True,False,True,False,True,True,False,False
0,680000,3.0,70.0,,80807,2,1,,2,True,False,True,False,False,False,False,True
0,574000,3.0,73.0,Etagenwohnung,80995,2,1,1,2,True,False,True,False,True,True,False,False
0,590000,3.0,79.0,Etagenwohnung,80689,2,1,1,1,True,True,True,False,False,True,False,False
0,299500,1.0,28.2,Etagenwohnung,80993,,1,,,True,False,False,False,False,True,False,False
0,589000,3.0,85.0,Dachgeschoss,80687,2,1,,5,False,False,True,True,False,True,False,False
0,229000,1.0,23.0,Etagenwohnung,81547,1,1,,2,True,False,True,False,True,False,False,False
0,1340000,3.0,174.69,Etagenwohnung,80809,,2,1,3,True,False,False,False,False,False,False,False
0,246000,1.0,31.24,Terrassenwohnung,81541,,1,1,4,True,False,True,False,True,True,False,False
0,1180000,2.0,91.7,Etagenwohnung,80634,,,,2,True,False,True,True,False,True,False,False
0,1020500,4.0,102.0,Erdgeschosswohnung,81476,,2,1,0,True,True,True,True,True,False,True,False
0,1890000,4.0,177.71,Penthouse,80796,3,2,2,5,False,False,False,True,True,False,False,False
0,3895000,5.5,211.74,Etagenwohnung,80336,,1,2,,True,True,True,True,False,False,False,False
0,749000,3.0,87.0,Dachgeschoss,81549,2,1,1,2,True,False,True,False,False,True,False,True
0,945000,3.5,102.0,,81247,,2,,,False,False,False,False,True,False,False,False
0,1069000,5.0,107.0,Etagenwohnung,80807,4,2,1,2,True,False,True,False,True,True,False,False
0,467500,2.0,47.97,Erdgeschosswohnung,81249,1,1,1,0,True,True,False,False,True,True,True,False
0,799000,4.0,97.8,Etagenwohnung,81927,,1,1,3,True,False,False,True,False,False,False,False
0,239000,1.0,22.0,Etagenwohnung,80634,,1,,5,True,False,True,False,True,False,False,False
0,479000,2.0,51.7,Etagenwohnung,80689,,1,1,1,True,False,True,False,True,False,False,False
0,4850000,8.0,388.0,Penthouse,81539,6,1,3,1,True,True,True,True,True,True,False,False
0,369000,1.0,22.0,Etagenwohnung,80337,,,,,True,False,True,False,False,False,False,True
0,540000,2.0,55.8,Etagenwohnung,80336,,,,,True,False,True,False,False,False,False,True
0,479000,2.0,32.17,Etagenwohnung,80538,1,1,,1,False,True,True,False,True,True,False,False
0,429000,2.0,51.55,Erdgeschosswohnung,80935,1,1,1,0,True,False,True,False,True,False,False,False
0,459000,3.0,63.0,Sonstige,81476,,1,,2,True,False,True,False,True,True,True,False
0,470000,2.0,60.0,Etagenwohnung,81737,,1,1,3,True,False,True,False,False,True,False,True
0,398000,3.0,70.1,Etagenwohnung,80939,2,1,1,1,True,False,False,False,False,True,False,False
0,370000,1.0,36.0,Etagenwohnung,80804,,1,,1,True,False,True,False,True,True,False,False
0,469000,2.0,65.88,,81737,1,1,1,1,True,True,True,False,False,True,False,False
0,499000,2.0,63.0,Etagenwohnung,81927,1,1,,9,True,False,True,False,True,True,False,False
0,390000,1.0,39.32,Etagenwohnung,80336,,1,,1,True,False,False,False,True,False,False,False
0,205000,1.0,26.0,Souterrain,81545,,1,,0,False,True,True,False,False,False,False,False
0,659000,4.0,76.0,Etagenwohnung,80686,2,1,,1,True,False,False,False,False,True,False,False
0,478000,2.0,52.0,Etagenwohnung,81541,,1,1,4,True,False,False,False,False,False,False,True
0,299000,1.0,35.0,Dachgeschoss,81829,1,1,1,2,False,False,False,False,False,True,False,True
0,289000,1.0,35.0,Etagenwohnung,80807,1,1,1,0,True,True,True,False,True,True,False,True
0,649000,3.0,71.0,Etagenwohnung,81245,2,1,1,1,True,True,True,True,False,True,False,False
0,449000,2.0,63.77,Etagenwohnung,81735,,1,,,True,False,False,True,False,False,False,False
0,329999,1.0,24.5,Etagenwohnung,80809,,1,,,False,False,True,False,True,False,False,False
0,1925000,5.0,188.0,Erdgeschosswohnung,81479,3,3,2,0,True,False,True,False,True,True,False,False
0,699000,3.0,79.0,Dachgeschoss,81379,2,1,1,4,True,False,True,True,True,True,False,False
0,6784000,5.0,256.0,Penthouse,80333,3,2,,4,True,False,True,True,True,True,False,False
0,441400,2.0,55.18,Etagenwohnung,81827,1,1,T,,True,False,False,False,True,True,False,False
0,619000,4.0,84.0,Etagenwohnung,81249,3,1,,6,True,False,True,True,True,True,False,False
0,740000,2.0,51.0,Etagenwohnung,80799,1,1,,3,False,False,True,False,False,True,False,False
0,849000,5.0,113.0,Etagenwohnung,80933,4,1,T,,False,False,True,True,False,True,False,False
0,873000,3.0,60.0,Etagenwohnung,80802,3,1,,3,False,False,False,False,False,True,False,False
0,449000,3.0,78.0,Etagenwohnung,81549,2,1,,2,True,True,False,True,True,True,False,True
0,699000,3.0,67.22,Etagenwohnung,80807,3,1,1,2,True,False,True,False,True,True,True,False
0,1690000,3.5,131.05,Maisonette,80638,2,2,2,3,True,True,True,True,True,True,False,False
0,2579000,4.5,160.0,Hochparterre,80469,3,2,1,0,True,True,True,True,False,True,False,False
0,3100000,6.0,293.0,Erdgeschosswohnung,81927,,,3,0,True,False,True,False,True,True,False,False
0,765000,2.0,40.0,Etagenwohnung,80539,1,1,,1,False,True,False,False,True,True,True,True
0,855000,4.0,98.0,Dachgeschoss,80997,3,1,1,,True,False,True,True,False,True,False,True
0,570000,2.0,57.01,Erdgeschosswohnung,80995,1,1,1,0,True,True,False,False,True,True,True,False
0,850000,2.5,69.6,Hochparterre,80805,1,1,,,True,False,False,False,False,True,False,False
0,785000,3.0,72.43,Erdgeschosswohnung,81247,2,1,1,,False,True,False,True,True,True,True,False
0,2490000,4.0,145.0,Etagenwohnung,80337,3,2,1,4,False,False,True,False,True,False,False,True
0,758000,3.0,73.46,Dachgeschoss,80939,2,1,1,2,True,True,True,True,False,True,False,False
0,285000,1.0,30.03,Etagenwohnung,81539,1,1,,,False,False,True,False,False,False,False,False
0,280000,1.5,42.0,Etagenwohnung,81925,1,1,1,2,True,False,True,False,True,True,True,True
0,789000,3.0,81.0,Terrassenwohnung,80937,2,1,1,0,True,True,True,False,False,True,True,False
0,870000,3.0,80.0,Etagenwohnung,80636,2,2,1,3,False,False,False,True,False,False,False,False
0,395000,1.0,35.36,Etagenwohnung,80796,,1,,3,True,False,True,False,True,True,False,False
0,430000,2.5,50.0,Etagenwohnung,80997,2,1,,2,True,False,False,False,False,True,False,True
0,769000,2.5,63.0,Sonstige,80333,,1,,2,False,True,True,False,False,True,False,False
0,2750000,3.0,134.0,Sonstige,80469,2,1,1,2,True,False,True,True,True,True,True,False
0,270000,1.0,33.0,Dachgeschoss,81241,,1,1,3,False,True,True,False,False,True,False,False
0,750000,2.0,48.0,,80796,1,1,,4,True,False,True,False,True,True,False,True
0,840000,2.0,72.0,Terrassenwohnung,80636,1,1,1,4,True,False,True,False,True,True,False,True
0,714900,4.0,106.52,Etagenwohnung,85716,3,1,1,5,True,False,True,True,True,True,False,False
0,645000,2.0,51.65,Erdgeschosswohnung,81539,1,1,,0,True,True,True,False,True,True,False,False
0,665000,2.0,59.0,Sonstige,81541,1,1,1,3,True,False,True,False,True,True,False,True
0,9570000,8.0,355.0,Penthouse,81667,,2,6,6,False,False,True,True,True,True,False,False
0,625000,3.0,70.0,Erdgeschosswohnung,81247,,,1,,True,False,True,False,True,True,False,False
0,1498000,3.0,87.0,Etagenwohnung,80802,2,2,1,2,True,False,True,True,True,True,True,False
0,599000,4.0,83.0,Etagenwohnung,80687,,,1,,True,False,True,False,True,False,False,False
0,395000,2.0,55.0,,81737,,,1,1,True,True,False,False,True,True,False,True
0,725000,5.0,135.32,Erdgeschosswohnung,81829,3,2,,,True,False,False,False,False,False,False,False
0,790000,4.0,81.0,Hochparterre,80797,3,1,,,False,False,False,False,True,True,False,False
0,499000,3.0,71.0,Etagenwohnung,80995,2,1,1,5,True,False,False,False,True,False,True,False
0,1250000,4.0,105.0,Etagenwohnung,81677,3,2,1,5,True,False,True,True,True,True,True,False
0,324000,1.0,36.0,,81477,,1,,6,True,False,False,False,True,False,True,True
0,729000,2.0,52.03,Etagenwohnung,80807,1,1,1,2,False,False,False,False,True,True,True,False
0,320000,1.0,29.46,Etagenwohnung,80807,1,1,1,2,True,False,False,False,True,True,False,True
0,529000,3.0,71.0,Etagenwohnung,80995,2,1,,,True,False,False,False,True,False,False,False
0,950000,4.0,100.87,Dachgeschoss,81737,3,2,1,,True,False,True,False,True,False,False,False
0,835000,3.0,70.12,Etagenwohnung,80639,2,1,1,1,True,False,True,False,False,True,True,True
0,748000,1.0,55.19,Etagenwohnung,80538,,1,,2,True,True,True,False,True,True,False,True
0,400000,2.0,47.07,Etagenwohnung,80992,1,1,1,2,True,False,True,False,True,False,False,True
0,1100000,2.0,70.0,Etagenwohnung,80538,1,1,,3,True,False,False,False,False,False,True,False
0,525000,3.0,61.0,Dachgeschoss,80807,2,1,1,,False,False,True,False,True,True,False,True
0,1120000,2.0,62.32,,80539,1,1,,,True,False,False,False,True,False,False,False
0,423500,2.0,33.0,Terrassenwohnung,80999,1,1,1,,True,False,False,False,False,False,False,False
0,730000,3.0,84.7,Hochparterre,80807,2,2,1,0,True,False,False,False,False,True,False,True
0,1350000,3.0,82.0,Etagenwohnung,80337,,1,,2,True,True,False,False,True,True,False,False
0,589000,2.0,60.0,Etagenwohnung,81735,1,1,1,1,True,False,False,False,True,True,True,False
0,333000,2.0,32.7,Dachgeschoss,81479,1,1,,2,False,False,False,False,False,True,False,False
0,748000,3.5,80.0,Etagenwohnung,81829,,1,1,1,True,False,True,True,True,True,True,False
0,499000,2.0,52.24,Etagenwohnung,80807,1,1,1,1,True,False,True,False,False,True,False,True
0,260000,1.0,33.7,Etagenwohnung,81375,,,1,5,False,False,True,False,False,True,False,True
0,595000,3.0,75.0,Erdgeschosswohnung,80336,2,1,1,,True,False,True,True,True,True,True,False
0,319000,1.0,33.0,Etagenwohnung,81476,,1,,,True,False,True,False,True,True,False,False
0,1119000,2.0,71.25,Erdgeschosswohnung,80333,,2,,0,True,False,False,True,True,True,False,False
0,888000,4.0,96.1,Erdgeschosswohnung,81247,,2,1,0,True,True,True,True,True,True,True,False
0,1165000,4.0,112.21,Erdgeschosswohnung,81241,,2,1,0,True,True,True,False,True,True,True,False
0,284000,1.0,36.0,Etagenwohnung,81477,1,1,,1,True,True,True,False,True,True,False,True
0,750000,3.0,75.0,Etagenwohnung,80689,2,1,1,2,True,True,True,False,False,True,False,False
0,589000,2.0,62.85,Etagenwohnung,80335,1,1,,2,False,False,False,False,False,False,False,True
0,1650000,3.0,183.0,Erdgeschosswohnung,81545,,2,1,0,True,False,False,True,True,False,False,False
0,455500,2.0,62.0,Etagenwohnung,81479,1,1,1,1,True,False,True,False,False,True,False,True
0,850000,3.0,87.0,Erdgeschosswohnung,81479,2,1,1,,True,False,False,True,False,True,False,True
0,799000,4.0,85.35,Etagenwohnung,80335,2,1,,1,False,False,False,False,False,False,False,True
0,910000,3.0,75.6,,80796,,,,,True,False,False,False,False,False,False,False
0,489700,2.0,45.63,Etagenwohnung,80689,1,1,,1,True,False,True,False,False,True,False,False
0,1190000,3.5,88.0,Etagenwohnung,80469,2,1,,,False,False,False,False,False,True,False,True
0,279900,1.0,32.0,Hochparterre,81241,,1,,1,True,False,True,False,True,True,False,False
0,290000,1.0,32.0,Etagenwohnung,81927,,,,8,False,False,True,False,True,True,False,False
0,280000,1.0,35.5,Etagenwohnung,80809,,1,,,True,False,True,False,True,False,False,True
0,649000,3.0,94.0,Etagenwohnung,81249,2,1,,1,True,False,True,False,False,True,False,False
0,2300000,5.0,192.0,Etagenwohnung,81541,,1,,2,True,False,False,True,False,False,True,True
0,925000,3.0,102.75,Etagenwohnung,81479,2,1,,1,True,False,True,True,False,True,False,False
0,644000,3.0,69.6,Etagenwohnung,80335,1,1,,2,False,False,False,False,False,False,False,True
0,419500,3.0,59.97,Etagenwohnung,81827,2,1,T,,True,False,False,False,True,True,False,True
0,580000,2.0,50.0,Etagenwohnung,80637,1,1,1,1,True,True,False,False,True,True,False,False
0,735000,2.0,67.28,Etagenwohnung,80634,1,1,1,4,False,False,True,False,False,True,False,False
0,330000,1.0,42.0,,81549,,,1,,True,False,False,False,False,True,False,False
0,620000,3.0,72.0,Erdgeschosswohnung,80689,,1,,0,True,False,True,False,True,True,True,False
0,539000,2.0,38.92,Etagenwohnung,80796,1,1,1,4,True,False,True,False,True,True,False,True
0,1674000,4.0,204.0,Maisonette,81243,,2,2,,True,False,False,False,False,False,False,False
0,1389900,3.5,114.26,Etagenwohnung,81479,2,1,1,1,True,False,True,True,True,True,True,False
0,995000,2.0,60.0,Dachgeschoss,80799,1,1,,4,False,False,True,False,True,True,False,False
0,1600000,6.0,160.0,Terrassenwohnung,80993,5,2,1,0,True,True,True,True,False,True,False,False
0,1090000,3.0,106.0,Hochparterre,80639,2,1,,,False,False,True,False,True,False,False,False
0,620000,3.0,100.0,,81927,,,,,True,False,False,False,False,False,False,False
0,1100000,3.0,132.0,,80999,2,2,2,2,True,True,True,True,False,True,False,False
0,439000,3.0,84.0,,81245,,,1,0,True,False,False,False,False,False,False,False
0,890000,3.0,86.6,,80804,1,1,1,5,True,False,True,False,True,True,True,False
0,599000,4.0,75.0,Etagenwohnung,80939,3,1,,3,True,True,True,False,False,True,False,False
0,279000,1.0,34.0,Etagenwohnung,80686,1,1,D,3,True,False,False,False,True,True,False,True
0,430000,2.0,55.0,Etagenwohnung,81829,1,1,1,2,True,False,True,False,True,True,False,True
0,690000,3.0,71.0,,81545,,,,1,False,False,False,False,False,False,False,True
0,1180000,4.0,110.0,Etagenwohnung,80803,2,1,1,2,True,True,True,True,True,True,False,True
0,559000,2.0,61.3,Etagenwohnung,81925,,1,,9,True,False,False,False,False,False,False,True
0,415000,2.0,54.57,Etagenwohnung,81737,,1,1,1,True,False,False,False,False,False,False,False
0,410000,1.0,41.0,Etagenwohnung,80939,,1,,0,True,False,True,False,False,True,False,False
0,1690000,2.0,77.03,Etagenwohnung,80333,,2,,,True,False,False,True,True,True,False,False
0,525000,3.0,63.0,Etagenwohnung,80637,,,,1,True,False,False,False,False,True,False,True
0,1070000,5.0,127.0,Etagenwohnung,81669,3,2,1,7,True,False,True,False,True,True,False,False
0,1280000,2.0,90.0,Etagenwohnung,81925,1,1,1,2,True,False,True,False,True,True,False,False
0,1677000,3.0,114.5,,81545,,,,,True,False,False,False,True,False,True,False
0,1150000,3.0,128.0,Etagenwohnung,81545,2,2,1,1,True,False,True,True,True,True,False,True
0,926000,4.0,102.0,,81479,,,,,True,False,False,False,False,False,False,False
0,880000,2.0,80.0,Etagenwohnung,80469,1,1,1,3,True,False,True,False,True,True,False,False
0,785000,3.0,71.0,Etagenwohnung,80797,2,1,1,3,True,False,True,False,True,True,False,False
0,1350000,3.0,126.0,Penthouse,80809,1,1,1,1,True,False,False,False,True,True,False,False
0,819000,4.0,121.0,Etagenwohnung,81249,1,1,2,,False,False,True,False,False,False,False,False
0,869500,3.0,67.0,Hochparterre,80333,,,,0,False,True,True,False,True,True,False,False
0,1079000,2.5,117.0,Penthouse,81827,,2,1,2,True,False,True,True,True,True,True,False
0,800000,3.0,89.0,Etagenwohnung,81667,2,1,,4,False,False,False,False,True,True,False,True
0,425000,1.5,44.0,Etagenwohnung,81379,1,1,1,1,True,True,True,False,True,True,False,False
0,790000,3.0,67.53,Etagenwohnung,81247,2,1,1,1,True,False,True,False,False,True,False,True
0,2490000,4.0,236.0,,81667,,,,,False,False,True,True,False,False,False,False
0,800000,2.0,65.0,Erdgeschosswohnung,81679,1,1,1,,True,True,True,False,True,True,True,False
0,1285000,4.0,129.0,Etagenwohnung,81669,2,2,3,7,True,False,True,True,True,True,True,False
0,2400000,5.0,200.0,Dachgeschoss,81545,4,3,2,,True,False,False,True,False,True,False,True
0,1150000,4.5,130.0,Maisonette,81243,3,1,1,1,True,False,True,True,False,True,False,False
0,679000,3.0,88.83,Etagenwohnung,81245,2,1,,2,True,False,True,True,False,True,False,False
0,328000,1.0,37.0,Etagenwohnung,80993,1,1,1,3,True,False,True,False,True,True,True,False
0,1430000,3.0,130.0,Maisonette,80802,2,,2,0,True,True,False,True,True,True,True,False
0,880000,4.5,96.0,Erdgeschosswohnung,81549,,,,,True,False,True,False,False,False,False,False
0,2020000,2.0,96.0,Maisonette,80333,1,2,1,5,True,False,False,True,True,True,False,False
0,958000,2.0,65.0,Maisonette,80469,1,2,1,3,True,False,True,False,False,True,False,False
0,739000,2.0,66.0,Etagenwohnung,81479,1,2,1,1,True,False,True,False,True,True,False,False
0,515000,3.0,67.0,Terrassenwohnung,81249,2,1,,0,True,True,False,False,True,True,True,False
0,1540000,5.0,100.0,Terrassenwohnung,81925,2,2,1,0,True,True,False,True,True,True,False,False
0,460000,2.0,55.0,Terrassenwohnung,81929,1,1,1,0,True,False,False,False,False,True,False,True
0,350000,1.0,27.7,Hochparterre,81541,,1,1,,True,False,True,False,True,True,False,False
0,795000,3.0,92.28,Etagenwohnung,81371,2,1,1,3,True,False,True,False,True,False,False,False
0,2450000,5.0,205.0,Erdgeschosswohnung,81927,4,2,2,0,True,False,True,True,True,True,False,False
0,2160000,4.0,160.0,Penthouse,81247,,,2,,True,True,False,True,True,True,True,False
0,399900,1.0,26.06,Etagenwohnung,80336,1,1,,4,True,False,True,False,True,False,False,False
0,840000,2.0,56.0,Etagenwohnung,80636,,1,1,2,True,False,True,True,True,True,False,False
0,349000,2.0,44.74,Etagenwohnung,81673,,,,2,True,False,True,False,False,False,False,True
0,300000,1.0,43.0,Etagenwohnung,81549,1,1,1,8,True,False,True,False,True,True,False,True
0,542000,3.0,75.0,,81477,,,,,True,False,False,False,False,False,False,False
0,295000,3.0,84.0,Hochparterre,81545,,1,1,1,True,True,True,False,False,True,False,False
0,550000,2.0,53.0,Terrassenwohnung,81927,1,1,1,0,True,True,True,False,True,True,False,False
0,619000,3.0,79.7,Etagenwohnung,85757,2,1,2,2,True,False,True,True,False,True,False,False
0,749000,2.0,67.0,Erdgeschosswohnung,81541,1,1,1,,True,False,True,False,False,True,False,False
0,859900,4.0,96.25,Etagenwohnung,81927,3,1,1,1,True,False,True,True,True,True,False,True
0,740000,2.0,60.3,Etagenwohnung,80469,1,1,,3,True,False,True,False,False,True,False,False
0,1490000,6.0,129.0,Etagenwohnung,81243,6,,1,0,True,True,True,False,False,True,False,False
0,4122000,4.0,218.47,Dachgeschoss,81925,3,2,3,,True,False,True,False,True,False,False,False
0,650000,3.0,57.0,Etagenwohnung,80992,,1,,2,True,False,True,False,True,True,False,True
0,649000,4.0,87.0,,80935,3,1,A,1,True,False,False,True,False,True,False,False
0,879000,3.0,111.0,Maisonette,81477,1,2,,1,True,False,True,False,False,True,False,False
0,990000,3.0,83.14,Etagenwohnung,80637,1,1,,2,True,False,False,False,True,False,False,False
0,677500,4.5,137.0,,81545,,,1,,False,True,True,False,True,True,False,False
0,465000,2.0,57.0,Erdgeschosswohnung,80807,1,1,,0,True,True,True,False,True,True,False,True
0,399000,2.0,44.0,Etagenwohnung,81737,1,1,1,3,False,True,False,False,True,True,True,False
0,3200000,5.0,133.0,Etagenwohnung,80539,3,2,,1,True,False,True,True,True,True,False,False
0,1985000,4.0,115.0,Dachgeschoss,80469,3,1,1,3,True,True,True,False,False,True,False,False
0,928000,3.0,65.1,Etagenwohnung,80807,,1,1,1,False,False,False,False,True,True,True,False
0,800000,3.0,96.0,Etagenwohnung,80809,2,1,1,5,True,False,False,False,False,True,False,False
0,699000,3.0,80.0,Etagenwohnung,81241,,,,1,True,False,True,False,True,True,False,False
0,3200000,5.0,218.17,Maisonette,80469,3,3,,,False,False,True,False,True,False,False,False
0,349900,2.5,53.0,Erdgeschosswohnung,80997,,,,0,True,True,False,False,False,True,False,True
0,745000,3.0,77.5,Etagenwohnung,81925,2,1,1,1,True,False,True,False,True,False,False,False
0,790000,2.5,60.0,,80339,,1,,,False,False,False,False,False,True,False,False
0,517500,2.0,61.0,Dachgeschoss,81927,1,1,1,2,True,False,False,False,False,True,False,False
0,750000,2.0,62.0,Hochparterre,81667,1,1,1,,True,False,True,False,True,True,True,False
0,882000,5.0,94.0,Etagenwohnung,81927,3,2,1,3,True,False,True,True,True,True,False,False
0,250000,1.0,19.0,Etagenwohnung,81829,1,1,1,5,True,False,True,False,True,False,False,False
0,650000,2.0,78.0,Etagenwohnung,81479,1,1,1,0,True,False,False,False,False,True,False,False
0,379000,2.5,48.0,Etagenwohnung,80809,1,1,,2,True,False,False,False,False,True,False,True
0,885000,3.0,70.0,Souterrain,80803,,1,,-,False,False,False,False,False,False,False,True
0,372000,2.0,53.0,Etagenwohnung,80809,,,1,5,False,False,True,False,True,True,False,True
0,1096860,4.0,107.0,Etagenwohnung,81345,3,2,1,3,True,False,False,True,True,True,False,False
0,639000,3.0,76.0,Etagenwohnung,81477,2,1,1,0,True,False,False,False,True,False,False,False
0,499500,1.0,68.0,Erdgeschosswohnung,81735,,1,,,True,False,False,False,True,False,False,False
0,690000,3.0,76.0,Etagenwohnung,80997,,1,1,3,True,False,True,False,True,True,True,False
0,949000,3.5,112.0,Dachgeschoss,81245,2,2,1,2,True,False,True,False,True,True,True,False
0,1195000,3.0,125.46,Etagenwohnung,81545,2,1,2,1,True,False,False,True,True,True,False,False
0,1450000,3.0,158.01,Erdgeschosswohnung,80997,2,2,1,,True,False,True,False,False,True,False,False
0,749000,3.0,87.3,Etagenwohnung,81476,2,2,,1,True,False,True,False,False,True,False,False
0,1790000,7.0,221.83,Dachgeschoss,81479,5,3,1,2,True,False,True,True,True,True,False,False
0,650000,3.0,86.0,Etagenwohnung,80993,2,1,2,1,True,False,True,True,True,True,False,False
0,854000,3.0,87.17,Etagenwohnung,81739,2,1,1,1,True,False,False,True,True,True,True,False
0,429000,1.0,42.22,Etagenwohnung,81245,,1,,,True,True,True,False,False,True,False,False
0,935000,3.0,90.0,,80337,2,1,1,1,True,False,True,False,False,False,False,True
0,483000,1.0,47.0,Etagenwohnung,81541,,1,1,3,True,False,True,False,True,True,True,False
0,495000,3.0,69.19,Etagenwohnung,81243,2,1,,8,True,False,True,True,True,False,False,False
0,441000,1.0,54.38,Maisonette,80999,,1,1,,True,False,False,False,True,True,False,False
0,745700,3.0,65.0,Etagenwohnung,81671,2,1,1,2,True,False,True,True,True,True,False,False
0,385000,1.0,37.5,Etagenwohnung,80636,1,1,1,2,False,False,True,False,False,True,False,False
0,950000,3.0,120.0,Etagenwohnung,80638,1,1,1,1,True,False,True,True,False,True,False,False
0,1999000,4.0,112.0,Etagenwohnung,80469,,1,,2,False,True,False,False,False,False,False,False
0,379000,2.0,46.27,Etagenwohnung,80807,1,1,1,,True,False,True,False,True,False,False,False
0,400000,2.0,42.0,Terrassenwohnung,81241,1,1,1,0,True,True,True,False,True,True,True,True
0,1350000,2.0,72.8,Hochparterre,80539,1,1,1,1,True,True,True,False,True,True,False,False
0,715000,3.5,78.4,Etagenwohnung,81243,2,1,1,1,True,False,True,False,True,False,False,False
0,399900,1.0,26.85,Erdgeschosswohnung,81545,1,1,1,,True,True,True,False,True,True,False,False
0,373000,2.0,29.21,Etagenwohnung,80999,1,1,1,,True,False,False,False,False,False,False,False
0,749000,4.0,90.0,,81927,3,2,1,7,True,False,True,True,True,True,False,False
0,719000,4.0,85.0,Etagenwohnung,81735,3,1,,5,True,False,False,True,True,True,False,False
0,419900,1.0,35.0,Etagenwohnung,80336,1,1,,1,False,False,True,False,True,False,False,False
0,139900,1.0,37.0,Etagenwohnung,80809,1,1,,6,True,True,True,False,True,True,True,True
0,850000,3.0,77.45,Etagenwohnung,80807,2,1,1,2,True,False,True,False,True,False,False,False
0,550000,3.0,76.0,Erdgeschosswohnung,81369,,,2,0,True,False,True,False,True,True,False,False
0,1300000,4.0,148.0,Etagenwohnung,81827,,,2,1,False,False,True,True,False,True,False,True
0,275000,1.0,26.0,,80805,,1,,1,True,False,False,False,False,False,False,False
0,750000,2.5,80.0,Etagenwohnung,80687,,,,5,True,False,True,False,True,True,False,False
0,7500000,5.0,281.0,Erdgeschosswohnung,81925,3,3,3,0,True,True,True,True,True,True,False,False
