,cost,rooms,area,type,bedrooms,baths,garage,etage,balconyOrTerrace,garden,kitchen,guest_toilet,lift,basement,no_stairs_access,currently_rented
0,1295000,4.5,104.0,Dachgeschoss,,1,1,2,True,True,True,True,False,True,False,True
0,360000,1.5,37.0,Etagenwohnung,1,1,,3,False,False,True,False,True,True,False,True
0,319825,1.0,21.08,,,1,,2,True,False,False,False,True,True,False,False
0,985000,2.0,87.0,Etagenwohnung,,1,,4,True,False,False,True,True,True,False,False
0,394500,2.0,41.0,Etagenwohnung,1,1,,1,True,False,True,False,True,True,False,True
0,2290000,4.0,176.0,Penthouse,2,2,2,3,True,False,True,True,True,True,False,False
0,720000,3.0,74.19,Etagenwohnung,1,2,2,3,True,False,True,False,True,True,False,False
0,350000,2.0,42.0,Etagenwohnung,1,1,1,4,True,False,True,False,True,False,False,True
0,659000,2.0,51.0,Etagenwohnung,1,1,,1,True,False,False,False,False,True,False,True
0,425000,2.0,53.13,Etagenwohnung,1,1,1,,True,False,False,False,True,True,False,True
0,349900,1.0,35.7,Etagenwohnung,1,1,1,6,False,False,True,False,True,True,False,False
0,1700000,4.0,125.0,Etagenwohnung,3,1,1,3,True,False,False,True,True,True,False,False
0,1500000,3.0,98.0,Etagenwohnung,3,2,1,1,True,False,True,True,True,True,True,False
0,548000,2.0,40.69,Erdgeschosswohnung,1,1,1,0,False,False,False,False,True,False,True,False
0,1071000,3.5,133.0,Dachgeschoss,2,1,1,,True,False,True,True,True,True,False,False
0,1490000,4.0,177.0,Dachgeschoss,3,3,1,2,True,True,True,False,False,True,False,False
0,950000,4.0,101.0,Dachgeschoss,,,1,4,True,False,True,False,True,False,False,True
0,279000,1.0,34.4,,1,1,,4,True,False,True,False,False,True,False,True
0,610500,2.0,62.81,Erdgeschosswohnung,1,1,1,,True,True,True,False,False,False,True,True
0,3295000,2.5,96.0,Etagenwohnung,2,,1,9,False,False,True,True,True,True,True,False
0,938000,4.0,82.0,,,2,1,1,True,False,True,False,True,False,False,True
0,549000,2.0,54.0,Etagenwohnung,1,1,1,1,True,False,True,False,True,False,False,False
0,870000,3.0,88.0,Erdgeschosswohnung,2,1,,0,True,True,False,True,True,True,False,False
0,650000,2.0,91.87,Terrassenwohnung,1,1,1,,False,True,False,False,False,False,False,True
0,519000,3.0,61.23,Etagenwohnung,,1,1,1,True,False,True,False,False,True,False,False
0,490000,4.0,94.0,Dachgeschoss,3,,1,6,True,False,True,False,True,False,False,False
0,6300000,5.0,262.2,Etagenwohnung,3,2,3,1,True,True,True,True,True,True,False,False
0,2050000,4.5,148.0,Dachgeschoss,2,1,,4,True,False,False,True,True,True,False,False
0,586000,3.0,69.6,Etagenwohnung,2,1,,3,False,False,True,False,True,False,False,False
0,595000,3.0,75.0,,2,1,1,4,True,False,False,False,False,True,False,True
0,800000,3.0,87.0,Etagenwohnung,2,1,,4,True,False,False,False,True,True,False,True
0,4550000,5.0,152.0,Maisonette,3,3,,1,False,False,True,True,True,True,False,False
0,1899900,3.5,112.58,Etagenwohnung,2,2,2,1,True,False,False,False,False,True,False,False
0,839000,3.0,89.6,Etagenwohnung,,2,1,3,True,False,True,True,True,True,True,False
0,875655,3.0,107.0,Dachgeschoss,1,1,1,3,True,False,True,True,False,True,False,False
0,749999,3.0,71.0,Erdgeschosswohnung,2,1,,,True,False,True,False,True,True,False,True
0,550000,2.0,63.0,Maisonette,1,1,1,3,True,False,True,False,False,True,False,False
0,3050000,7.0,253.0,Sonstige,2,2,2,,True,True,True,True,True,True,True,False
0,699000,3.0,85.0,Etagenwohnung,,1,,5,True,False,True,False,True,True,True,False
0,1049000,3.5,93.76,Dachgeschoss,,2,1,3,True,True,True,True,True,True,True,True
0,299000,4.0,94.0,Etagenwohnung,,,,2,False,False,True,False,True,True,True,False
0,355000,1.0,35.18,Etagenwohnung,1,1,1,2,True,False,True,False,True,True,False,True
0,750000,2.5,76.3,Etagenwohnung,2,1,1,3,True,True,True,False,True,True,False,False
0,250000,1.0,34.0,,1,1,,1,True,False,True,False,True,True,False,True
0,2975000,5.0,215.0,Terrassenwohnung,3,2,2,0,True,True,True,False,True,True,True,False
0,465000,3.0,61.0,Etagenwohnung,2,1,1,1,True,False,False,False,True,True,False,True
0,540000,3.0,70.0,,2,1,,1,False,False,False,False,False,False,False,True
0,1650000,3.5,110.0,Etagenwohnung,0,1,D,3,True,False,True,True,True,False,False,False
0,225000,1.0,36.0,,,,,,False,False,False,False,False,False,False,False
0,308000,1.0,32.6,Etagenwohnung,1,1,,,True,False,True,False,True,True,False,False
0,995000,2.5,73.15,Erdgeschosswohnung,,,1,,True,True,True,False,True,True,False,False
0,828000,3.0,90.32,Etagenwohnung,2,1,1,1,True,True,False,True,True,True,True,False
0,1539000,4.0,127.0,Erdgeschosswohnung,3,2,1,,False,False,False,False,True,True,True,False
0,875000,2.5,93.0,Etagenwohnung,1,1,1,1,True,False,True,True,False,True,False,False
0,924900,2.0,74.0,Erdgeschosswohnung,1,1,,,True,True,True,False,True,False,True,False
0,2170000,7.0,239.97,Penthouse,4,2,4,2,True,True,True,True,True,True,False,False
0,890000,4.0,93.7,Etagenwohnung,3,1,1,1,True,True,False,True,True,True,True,False
0,279000,1.0,35.0,Erdgeschosswohnung,1,1,1,0,True,True,False,False,False,True,False,False
0,395000,1.5,40.0,Etagenwohnung,1,1,,3,True,False,True,False,True,False,False,False
0,299000,1.0,30.0,Etagenwohnung,,,,3,True,False,True,False,True,True,False,False
0,618000,2.0,58.0,Erdgeschosswohnung,1,1,,,True,True,True,False,True,True,False,False
0,816000,4.0,103.0,,3,2,1,2,True,False,True,True,True,True,False,False
0,242000,1.0,40.0,Etagenwohnung,,,,2,True,False,True,False,False,True,False,False
0,249000,1.0,31.63,Hochparterre,1,1,1,,True,False,True,False,False,True,False,False
0,1490000,3.0,97.0,Etagenwohnung,2,2,2,1,False,False,False,False,True,True,True,True
0,950000,4.0,81.89,Maisonette,3,2,1,,True,True,False,True,False,True,True,False
0,249900,1.0,23.0,Etagenwohnung,1,1,,4,True,False,True,False,True,False,False,False
0,650000,2.0,61.79,Etagenwohnung,1,1,1,1,True,False,False,False,False,True,False,False
0,994800,3.0,97.7,Etagenwohnung,2,1,,1,True,False,True,True,True,True,False,False
0,1600000,6.0,176.0,Etagenwohnung,5,2,,4,True,False,False,False,True,True,False,True
0,660000,2.5,71.0,Dachgeschoss,1,1,1,2,True,False,True,False,False,True,False,False
0,770000,3.0,88.1,Erdgeschosswohnung,,1,2,0,True,True,True,True,True,True,True,True
0,495000,2.0,48.0,Etagenwohnung,1,1,1,5,True,False,True,False,True,False,False,False
0,798000,2.5,74.0,Erdgeschosswohnung,1,1,1,,True,False,False,False,True,True,False,False
0,438000,1.0,33.0,,1,1,,,False,False,False,False,False,True,False,False
0,730000,3.0,90.29,Etagenwohnung,2,1,,1,True,False,False,False,True,False,False,False
0,719500,2.0,66.29,Etagenwohnung,1,1,,2,False,False,False,False,False,True,False,False
0,4125000,3.5,165.0,Dachgeschoss,2,1,T,,True,False,False,False,True,False,False,False
0,758000,4.5,104.0,Etagenwohnung,,,,4,True,False,False,False,False,True,False,False
0,1480000,5.0,196.0,Erdgeschosswohnung,,,T,,True,True,True,False,True,True,False,False
0,399000,1.0,33.5,Etagenwohnung,1,1,,5,False,False,True,False,False,True,False,False
0,830000,3.0,110.0,Erdgeschosswohnung,2,1,,0,True,False,False,False,False,False,False,False
0,642500,3.0,64.3,Etagenwohnung,2,1,,1,True,False,True,False,True,False,False,False
0,1120000,2.0,61.17,Hochparterre,1,1,T,,True,True,True,False,True,True,False,False
0,1900000,6.0,151.7,Erdgeschosswohnung,4,4,3,,False,False,True,False,False,False,False,True
0,335000,2.0,48.0,Erdgeschosswohnung,,1,1,,True,True,True,False,False,True,False,False
0,630000,2.0,51.0,Etagenwohnung,,1,1,1,True,False,True,False,False,True,False,False
0,392000,2.0,49.0,Etagenwohnung,,1,,2,False,True,True,False,False,True,False,False
0,1300000,4.0,150.0,Maisonette,,2,1,1,False,False,False,False,False,False,False,False
0,1199000,4.0,138.0,Terrassenwohnung,,2,1,0,True,True,True,True,False,False,False,False
0,850000,4.0,87.78,Etagenwohnung,,,1,3,True,False,True,True,True,True,False,False
0,483000,3.0,63.5,Dachgeschoss,2,1,,5,False,False,False,False,False,False,False,True
0,798000,2.0,81.85,Dachgeschoss,1,1,,4,False,False,False,False,False,False,False,True
0,765000,4.0,98.48,Etagenwohnung,3,1,T,5,False,False,True,False,True,False,False,False
0,1250000,4.0,97.0,Etagenwohnung,3,1,,2,True,False,True,False,True,True,True,False
0,2644530,4.0,147.0,Dachgeschoss,3,2,2,4,True,False,False,True,True,True,False,False
0,785000,3.0,116.0,Etagenwohnung,2,1,1,4,True,False,True,True,True,True,True,False
0,770000,3.0,68.0,,1,1,2,3,True,False,True,False,True,True,False,True
0,468000,3.0,77.8,,2,1,1,3,True,False,True,True,True,True,True,False
0,479000,2.0,32.17,Etagenwohnung,1,1,,1,False,True,True,False,True,True,False,False
0,626000,1.0,32.0,Etagenwohnung,1,1,,1,True,True,False,False,True,True,False,False
0,389000,1.0,44.94,Dachgeschoss,1,1,,3,True,False,True,False,False,False,False,False
0,628000,3.0,73.97,Etagenwohnung,2,1,1,3,True,False,False,False,True,False,False,False
0,563000,2.0,65.0,,,,,,True,False,False,False,False,False,False,False
0,849000,3.5,127.0,Dachgeschoss,2,2,1,3,True,False,False,True,False,True,False,False
0,725000,2.0,76.0,,1,1,1,,False,False,True,False,True,True,False,False
0,629000,2.0,59.0,Etagenwohnung,1,1,1,2,False,False,True,False,True,True,False,False
0,575000,1.0,41.0,Hochparterre,,1,,0,True,False,True,False,True,True,False,False
0,750000,1.0,49.0,Etagenwohnung,,,,1,True,False,True,False,True,True,False,True
0,668850,2.0,67.0,Etagenwohnung,2,1,1,5,True,False,False,False,True,True,False,False
0,499000,3.0,66.14,Etagenwohnung,2,1,2,1,True,False,False,False,False,True,False,True
0,2550000,5.0,177.0,Dachgeschoss,4,2,,4,True,True,True,True,True,True,False,True
0,199900,1.0,23.0,Etagenwohnung,,1,,4,True,False,True,False,True,False,False,True
0,517500,2.0,61.0,Etagenwohnung,1,1,1,2,True,False,False,False,False,True,False,False
0,799000,4.0,98.0,Etagenwohnung,3,1,1,2,True,True,False,True,True,True,False,False
0,595000,3.0,87.5,Sonstige,2,1,1,5,True,False,True,False,True,True,True,True
0,740000,3.0,88.92,Etagenwohnung,2,1,,1,True,False,True,False,True,True,False,True
0,479000,3.0,70.0,Etagenwohnung,2,,,6,True,False,False,False,True,True,False,True
0,719000,4.0,87.0,Etagenwohnung,,1,,1,True,False,False,True,False,True,False,False
0,615000,3.0,107.0,Etagenwohnung,2,1,1,,True,False,False,True,False,True,False,False
0,945000,4.0,106.71,Etagenwohnung,3,2,,3,True,False,False,True,False,True,False,False
0,439000,2.0,50.0,Erdgeschosswohnung,1,1,,1,True,False,False,False,False,True,False,False
0,549000,2.5,62.0,Etagenwohnung,,,,2,True,True,False,False,False,True,False,False
0,1850000,5.0,126.4,Etagenwohnung,2,2,,3,False,False,False,True,True,True,False,False
0,270000,1.0,35.36,,1,1,,3,False,False,True,False,True,False,False,True
0,365000,1.0,30.2,Etagenwohnung,,1,1,4,False,False,True,False,True,True,False,False
0,246000,1.0,30.0,Etagenwohnung,,,1,1,True,False,False,False,True,True,False,False
0,795000,3.0,84.0,,2,1,1,8,True,False,False,False,True,True,False,False
0,525000,3.0,70.28,Etagenwohnung,2,1,A,0,True,False,True,True,False,True,False,True
0,299000,1.0,33.0,Etagenwohnung,1,1,,2,True,True,False,False,True,True,False,False
0,649000,3.0,86.94,Etagenwohnung,1,1,T,3,True,False,False,True,True,True,False,False
0,1599000,3.5,185.0,Etagenwohnung,2,1,2,3,True,True,True,True,False,True,False,False
0,849000,2.0,68.0,Hochparterre,,,,1,True,False,True,False,False,True,False,False
0,450000,2.5,70.0,Etagenwohnung,,,,,True,False,False,False,True,False,False,False
0,729900,3.0,73.0,Dachgeschoss,2,1,1,3,True,False,False,True,True,True,False,False
0,1360000,2.5,85.0,Etagenwohnung,1,1,,3,True,True,True,False,True,True,False,False
0,462000,2.0,61.61,Erdgeschosswohnung,1,1,,,True,True,False,False,False,True,False,False
0,655000,3.5,88.0,,2,1,1,,True,True,False,False,False,True,False,False
0,3635000,3.0,177.0,,2,2,1,,True,False,False,False,True,True,False,False
0,415000,2.0,55.0,Etagenwohnung,1,1,1,3,True,False,True,False,False,False,False,False
0,305000,2.0,42.1,Dachgeschoss,2,1,,3,False,True,True,False,False,True,False,True
0,947000,3.0,95.0,Etagenwohnung,2,1,1,,True,False,False,False,True,True,False,True
0,425000,2.0,55.0,Etagenwohnung,1,1,1,6,True,False,False,False,True,True,False,True
0,3790000,5.0,186.0,Dachgeschoss,4,2,1,4,True,True,True,True,True,True,False,True
0,820000,3.0,80.0,Erdgeschosswohnung,2,2,1,,True,True,False,False,True,True,True,False
0,1888000,4.0,142.95,Etagenwohnung,,,T,1,True,False,False,False,True,False,False,False
0,390000,1.0,36.0,Etagenwohnung,,1,,5,True,False,True,False,True,True,False,True
0,785000,3.0,104.0,Hochparterre,2,1,1,0,True,False,False,True,False,True,False,False
0,462000,2.0,53.0,Etagenwohnung,1,1,,,False,False,False,False,False,True,False,True
0,680000,3.0,75.0,Maisonette,2,1,,5,True,True,True,True,True,True,True,False
0,687900,2.0,69.84,Terrassenwohnung,1,1,1,0,True,False,False,False,True,True,False,False
0,789000,3.0,71.0,Etagenwohnung,2,1,,1,True,True,False,False,True,True,True,False
0,460000,2.0,55.0,Terrassenwohnung,1,1,1,0,True,True,False,False,False,True,False,False
0,359000,1.0,33.0,Etagenwohnung,1,1,,1,True,False,True,False,True,True,True,False
0,1320000,4.0,119.0,Etagenwohnung,2,1,,3,True,False,False,False,True,True,False,True
0,2950000,3.5,157.4,Etagenwohnung,,1,1,,True,True,True,True,False,False,False,False
0,4250000,6.0,385.0,Erdgeschosswohnung,4,4,4,0,False,False,True,True,True,False,False,False
0,899000,3.0,104.0,Etagenwohnung,,,,1,True,False,True,False,True,False,False,False
0,699000,3.0,76.81,Etagenwohnung,2,1,1,1,False,False,False,False,False,False,False,True
0,459000,2.0,65.0,Erdgeschosswohnung,1,1,,0,True,True,True,False,True,True,False,True
0,435000,2.5,54.0,Erdgeschosswohnung,1,1,,0,True,True,False,False,False,True,False,False
0,885000,2.0,94.75,,,,T,,True,False,True,False,False,False,False,False
0,650000,4.0,91.0,Erdgeschosswohnung,,,1,,True,False,True,False,False,False,False,False
0,760000,3.0,68.0,,2,2,,3,True,False,False,True,False,False,False,True
0,369000,1.5,52.0,Etagenwohnung,,1,,2,True,False,True,False,True,True,False,False
0,1149900,4.0,109.98,Maisonette,,2,1,1,True,False,False,False,False,True,False,False
0,350000,1.0,32.0,Etagenwohnung,1,1,,2,True,False,True,False,True,True,False,True
0,498000,2.0,50.0,Penthouse,,1,1,3,True,False,True,False,True,True,False,True
0,575000,3.0,81.0,Etagenwohnung,2,1,1,1,True,False,True,True,True,True,True,True
0,265000,1.0,38.33,Etagenwohnung,,1,,,True,False,False,False,False,True,False,True
0,328000,1.0,24.3,Etagenwohnung,,1,1,1,True,False,True,False,False,True,False,False
0,525000,2.0,70.23,Etagenwohnung,1,,1,4,True,False,True,False,False,True,False,False
0,810000,3.0,77.0,Etagenwohnung,,1,T,3,True,True,True,True,True,True,True,False
0,950000,3.0,100.86,Etagenwohnung,2,2,1,1,True,False,True,True,True,True,False,False
0,415000,3.0,60.0,Maisonette,,1,1,0,True,False,True,False,False,False,False,False
0,1275000,3.0,95.85,Etagenwohnung,2,2,1,5,False,False,False,False,True,False,False,False
0,525000,2.0,65.7,Etagenwohnung,1,1,1,1,False,False,False,False,True,False,False,False
0,448000,3.0,80.01,,2,1,1,,True,False,True,True,True,True,False,False
0,850000,2.0,78.0,Terrassenwohnung,1,1,1,4,True,False,True,False,True,True,False,False
0,220000,1.0,28.0,Etagenwohnung,1,1,,4,True,False,True,False,False,False,False,False
0,528750,2.0,47.0,Erdgeschosswohnung,1,1,1,0,True,True,True,False,True,True,False,True
0,595000,2.0,56.0,Etagenwohnung,,1,1,1,True,False,False,False,False,True,False,False
0,520000,2.5,74.89,Etagenwohnung,2,1,1,,False,False,True,False,True,True,False,False
0,8350000,5.0,253.9,Penthouse,4,3,2,,True,False,True,False,True,True,False,False
0,845000,3.0,86.0,Erdgeschosswohnung,,2,1,,True,False,True,True,True,True,False,False
0,1490000,4.0,177.0,Dachgeschoss,3,3,1,2,True,True,True,False,False,True,False,False
0,1350000,3.0,89.0,Dachgeschoss,2,1,,4,True,False,False,False,False,False,False,False
0,835000,3.0,84.0,Etagenwohnung,2,1,1,6,True,False,False,True,True,True,True,True
0,201400,1.0,23.0,Etagenwohnung,,1,1,1,True,False,False,False,False,True,False,True
0,725000,3.0,85.0,Etagenwohnung,2,1,1,2,False,False,True,False,True,True,False,False
0,579000,2.0,62.0,Etagenwohnung,1,1,,1,True,False,True,False,True,True,True,False
0,3300000,5.0,133.0,Etagenwohnung,3,2,,2,True,False,True,True,True,True,False,False
0,1095000,4.0,150.0,Maisonette,3,2,,,True,False,False,True,True,True,False,False
0,429000,3.0,72.0,Etagenwohnung,2,1,1,4,True,False,True,False,True,True,False,False
0,1569000,3.0,106.01,Etagenwohnung,2,2,1,1,True,False,True,False,True,True,False,False
0,744900,1.0,47.94,Dachgeschoss,1,1,,6,False,False,True,False,True,False,False,False
0,889000,4.0,116.0,Etagenwohnung,2,2,1,6,True,False,True,False,True,True,False,True
0,1150000,4.0,130.0,Erdgeschosswohnung,1,2,1,1,True,False,True,True,True,True,False,False
0,420000,1.5,42.0,Etagenwohnung,1,1,,1,True,False,False,False,True,False,False,False
0,477000,2.0,52.0,,,,,,True,False,False,False,False,False,False,False
0,799000,3.0,99.0,Erdgeschosswohnung,2,2,1,0,True,True,False,True,False,True,False,True
0,1075000,2.5,81.0,Etagenwohnung,1,1,1,5,True,False,True,True,False,True,False,True
0,479000,2.0,58.77,Etagenwohnung,1,1,1,1,True,False,True,False,True,True,False,False
0,2380000,5.0,187.0,,4,2,2,,True,False,True,True,True,True,False,False
0,980000,4.0,144.0,Terrassenwohnung,3,2,1,0,True,True,True,True,True,True,False,False
0,1490000,4.0,119.0,Etagenwohnung,3,2,,1,True,False,False,True,True,True,False,False
0,649000,3.0,74.0,Etagenwohnung,,1,,,True,False,True,False,True,True,False,False
0,440000,1.0,42.0,Etagenwohnung,,1,1,3,True,False,True,False,True,True,False,False
0,1100000,3.0,116.0,Dachgeschoss,2,2,1,2,True,False,False,False,False,True,False,True
0,460000,2.0,53.7,Etagenwohnung,,1,1,4,True,False,False,False,True,False,False,False
0,328000,1.0,44.0,Erdgeschosswohnung,1,1,T,,True,True,True,False,False,False,True,False
0,1690000,4.5,144.0,Etagenwohnung,,,1,3,True,False,True,True,False,True,False,False
0,550000,2.0,58.0,Etagenwohnung,,1,1,4,True,False,True,False,True,True,True,True
0,995000,3.0,77.0,Etagenwohnung,2,1,,3,True,False,True,False,True,True,False,False
0,450000,2.0,58.0,Etagenwohnung,,,,,True,False,True,False,True,True,False,False
0,820000,2.0,64.0,Etagenwohnung,,,T,,False,False,True,False,False,False,False,False
0,370000,1.0,40.0,Etagenwohnung,,,1,4,True,False,True,False,True,True,False,True
0,1030000,4.0,108.7,,3,2,1,2,False,False,False,False,True,False,False,False
0,965000,3.0,81.8,,2,2,1,1,True,False,False,True,True,True,True,False
0,5850000,5.0,280.0,Terrassenwohnung,,2,2,2,True,False,True,True,True,True,True,False
0,259000,1.0,24.0,Etagenwohnung,1,1,1,,True,False,True,False,True,True,False,False
0,795000,2.0,82.43,Hochparterre,1,1,,0,False,False,False,False,False,True,False,True
0,4500000,5.0,206.0,Penthouse,3,3,2,5,True,False,True,True,True,True,True,False
0,284000,1.0,28.0,Etagenwohnung,1,1,1,4,False,False,True,False,True,True,False,False
0,1240000,3.0,89.0,,2,2,1,2,True,False,True,True,True,True,False,False
0,529500,2.0,34.0,Etagenwohnung,1,1,,3,False,False,True,False,False,False,False,False
0,540000,2.0,73.0,Etagenwohnung,1,1,,1,True,False,True,False,True,False,False,True
0,849000,4.0,115.0,,2,2,1,6,True,False,True,True,True,True,False,False
0,275000,1.0,33.0,Etagenwohnung,,,,2,True,False,False,False,False,False,False,False
0,500000,2.0,56.9,Dachgeschoss,1,1,1,4,True,False,True,False,True,True,True,False
0,395000,2.0,45.94,Etagenwohnung,1,1,,1,True,False,True,False,False,True,False,False
0,560000,2.5,70.0,Etagenwohnung,,1,1,4,True,False,True,False,True,True,False,False
0,595000,2.0,67.0,,1,1,,2,True,True,True,False,False,True,False,False
0,230000,1.0,20.0,Erdgeschosswohnung,,,,,True,False,True,False,True,True,False,False
0,395000,1.0,26.0,Etagenwohnung,,1,,1,False,False,False,False,True,True,False,False
0,1250000,4.0,105.0,Etagenwohnung,3,2,1,5,True,False,True,True,True,True,True,False
0,339000,2.0,53.36,Etagenwohnung,1,,1,1,True,False,True,False,True,True,False,True
0,665000,3.0,85.21,Dachgeschoss,2,1,1,3,True,True,True,False,True,True,False,False
0,590000,2.0,54.6,,,,,,True,False,True,False,False,True,False,False
0,1905000,4.0,117.55,Etagenwohnung,3,2,1,5,True,True,True,True,True,True,True,False
0,430000,2.0,60.0,Etagenwohnung,1,1,1,5,True,False,True,False,True,True,False,True
0,798500,4.0,89.3,Etagenwohnung,3,1,,2,True,False,False,True,False,True,False,False
0,540000,2.0,52.0,Etagenwohnung,1,2,,2,True,False,True,False,True,True,False,False
0,500000,2.0,60.0,,,,T,,True,False,False,False,True,True,False,False
0,254000,1.0,34.58,,1,1,1,,True,False,False,False,False,False,False,False
0,365000,1.0,36.35,Etagenwohnung,1,1,1,2,True,False,True,False,True,True,False,True
0,685000,3.0,81.0,,1,1,,3,True,False,False,False,False,True,False,True
0,1070000,4.0,127.0,Dachgeschoss,2,1,1,1,True,False,False,True,False,True,False,False
0,749000,2.0,50.0,Etagenwohnung,1,1,,1,True,False,False,False,True,False,False,False
0,730000,3.0,102.0,Etagenwohnung,2,1,1,3,True,False,True,True,True,True,False,False
0,990000,5.5,138.0,Maisonette,4,2,2,1,True,False,True,True,False,True,False,False
0,780000,4.0,108.05,Etagenwohnung,,,,5,False,True,False,False,False,False,False,False
0,955000,3.0,127.0,Maisonette,2,2,1,1,True,False,True,True,False,True,False,False
0,250000,1.0,35.0,Etagenwohnung,,1,,1,True,True,True,False,True,True,False,False
0,677500,3.0,77.04,Etagenwohnung,,1,,2,True,True,False,True,False,True,False,False
0,2175000,4.0,164.25,,3,2,2,,True,False,True,False,True,False,False,False
0,580000,2.0,56.0,Etagenwohnung,,1,1,2,True,False,True,False,True,True,True,False
0,900000,2.0,180.0,Penthouse,,,,,True,False,True,False,True,True,True,False
0,100000,1.0,33.0,Etagenwohnung,1,1,,8,True,False,True,False,True,True,False,False
0,945000,4.0,110.18,Etagenwohnung,3,1,1,3,True,False,True,False,True,False,False,False
0,1250000,3.5,139.0,Etagenwohnung,2,2,1,1,True,False,True,True,True,True,True,False
0,469000,1.0,37.03,Etagenwohnung,,1,,2,False,False,True,False,True,True,False,False
0,1399000,4.0,143.77,Etagenwohnung,3,1,1,5,True,False,True,True,True,True,False,False
0,1040000,2.0,65.0,Etagenwohnung,1,1,1,1,True,False,True,False,True,True,True,False
0,595000,3.0,87.5,Sonstige,2,1,1,5,True,False,True,False,True,True,True,True
0,324000,1.0,32.0,Etagenwohnung,1,1,,8,True,False,True,False,True,True,False,False
0,549000,2.5,73.5,,1,1,1,7,True,False,False,False,True,False,False,True
0,1950000,5.0,148.0,Maisonette,,2,1,4,False,False,True,False,False,False,False,False
0,249000,1.0,31.0,Etagenwohnung,1,1,,2,True,False,True,False,True,True,False,False
0,626000,1.0,32.0,Etagenwohnung,1,1,,1,True,True,False,False,True,True,False,False
0,798000,3.0,97.18,Etagenwohnung,2,2,1,1,True,True,True,False,False,True,False,False
0,1300000,3.0,123.0,Etagenwohnung,2,1,1,1,True,False,True,True,True,True,False,False
0,640000,2.5,66.0,Dachgeschoss,,,,2,True,False,True,False,False,False,False,False
0,649000,2.0,62.0,Erdgeschosswohnung,,,,0,True,True,True,False,True,True,True,False
0,2215000,6.0,166.0,Dachgeschoss,3,1,1,5,False,False,True,False,True,False,False,False
0,439000,2.0,60.0,Erdgeschosswohnung,,1,1,,True,True,False,False,False,True,False,False
0,399000,2.5,61.0,Etagenwohnung,,,D,,True,True,False,False,False,True,False,False
0,679000,2.0,85.78,Etagenwohnung,1,1,1,5,True,False,False,False,True,True,False,False
0,649000,3.0,72.0,Etagenwohnung,,,,,True,False,False,False,False,True,False,False
0,1250000,3.5,134.55,Penthouse,,,2,6,False,False,False,True,False,False,False,False
0,546300,2.0,57.0,Etagenwohnung,1,1,,6,True,False,True,False,True,True,True,True
0,449900,1.0,44.02,Erdgeschosswohnung,1,1,1,1,True,False,True,False,False,True,False,False
0,546500,2.0,58.0,Etagenwohnung,1,1,1,1,True,False,False,False,True,False,False,False
0,2439000,3.0,137.45,,2,1,,1,True,False,True,False,False,False,False,False
0,787600,5.5,105.0,Etagenwohnung,4,2,,2,True,False,True,True,True,True,False,False
0,1800000,3.0,151.0,Dachgeschoss,2,1,1,5,True,False,True,True,False,True,False,False
0,478000,3.0,69.53,Etagenwohnung,,,1,2,True,False,False,False,True,True,False,True
0,1349000,5.0,111.2,Erdgeschosswohnung,3,3,2,,False,False,True,False,False,False,False,True
0,695000,3.0,63.81,Hochparterre,2,1,,1,False,False,True,False,True,True,False,False
0,1940000,4.0,208.0,Erdgeschosswohnung,3,2,T,,False,False,True,False,False,False,False,False
0,650000,4.0,80.0,,,,,,False,False,False,False,False,False,False,False
0,399000,1.0,39.0,Sonstige,,,,,True,True,True,False,True,True,True,False
0,1660000,3.0,125.0,Penthouse,2,1,2,2,True,False,True,False,False,True,False,False
0,399000,2.0,58.0,Etagenwohnung,1,1,1,2,True,False,True,False,True,False,False,True
0,625000,4.0,86.78,Etagenwohnung,3,1,1,1,True,False,True,False,False,False,False,True
0,395000,1.0,47.1,Etagenwohnung,1,1,1,4,True,False,False,False,True,True,False,False
0,369000,1.0,42.0,Etagenwohnung,,1,1,3,True,False,True,False,True,True,False,False
0,3174000,5.0,179.34,Maisonette,4,2,1,5,True,False,True,True,True,False,True,False
0,2500000,4.5,148.16,Dachgeschoss,3,2,,5,False,False,False,True,True,False,False,False
0,770000,3.0,96.0,Etagenwohnung,2,1,1,1,False,True,True,True,False,True,False,False
0,799000,3.0,91.0,Etagenwohnung,2,1,,,False,False,False,True,True,True,False,True
0,649000,3.0,65.82,Etagenwohnung,,1,1,2,True,True,True,False,False,True,False,False
0,246116,1.0,23.34,Etagenwohnung,1,1,,4,True,False,True,False,True,True,False,False
0,1335000,3.0,110.2,Terrassenwohnung,2,2,1,0,True,True,True,False,True,False,True,False
0,1615000,3.5,125.43,Hochparterre,2,1,2,0,True,True,True,True,True,True,False,False
0,825000,2.5,87.0,Terrassenwohnung,1,3,,,True,True,True,True,False,True,True,False
0,420000,3.0,77.82,Etagenwohnung,,1,1,1,True,False,True,False,False,True,False,True
0,380000,2.0,45.0,Souterrain,1,1,,,True,False,True,False,False,True,False,True
0,599000,2.5,57.0,Etagenwohnung,2,,,1,False,True,True,False,False,True,False,False
0,2950000,4.5,223.0,Loft,3,2,2,1,True,False,True,False,True,True,False,False
0,426000,2.0,60.0,Etagenwohnung,1,1,,1,True,False,True,False,False,True,False,True
0,1100000,3.0,92.0,,2,1,1,5,False,False,True,False,True,True,False,True
0,893800,3.0,94.0,Etagenwohnung,2,1,1,3,True,False,False,True,False,True,False,False
0,468000,2.5,52.21,,2,1,,0,False,True,False,False,False,True,False,False
0,637000,1.0,38.5,Erdgeschosswohnung,,1,1,,True,True,True,False,True,True,False,True
0,305000,1.0,29.0,Sonstige,,1,,4,False,False,True,False,True,True,False,True
0,825000,2.5,87.0,Terrassenwohnung,1,3,,,True,True,True,True,False,True,True,False
0,1950000,4.0,143.6,Dachgeschoss,2,2,1,,True,False,False,True,True,False,False,False
0,329000,1.0,28.0,Etagenwohnung,,,,,True,False,False,True,True,False,False,False
0,398000,2.0,61.6,Etagenwohnung,1,1,,3,True,False,True,False,False,True,False,True
0,288000,2.0,35.0,Etagenwohnung,1,1,,3,False,False,False,False,False,True,False,False
0,659000,2.0,77.0,Etagenwohnung,2,2,1,1,True,True,True,True,True,True,False,False
0,379000,2.0,59.0,Etagenwohnung,1,1,,2,True,False,True,False,True,True,False,False
0,1070000,4.0,113.0,Etagenwohnung,,,1,,True,False,True,False,True,False,False,False
0,325000,1.0,35.0,Etagenwohnung,1,,1,5,True,False,False,False,True,False,False,False
0,439000,1.5,47.69,Etagenwohnung,,1,,,True,False,False,False,True,True,False,False
0,795000,2.5,82.69,Erdgeschosswohnung,1,2,1,0,True,True,True,False,False,True,False,False
0,899000,3.0,87.48,Erdgeschosswohnung,2,1,1,,True,True,False,False,True,False,False,False
0,270000,1.0,34.75,Hochparterre,1,1,1,,True,False,True,False,False,True,False,False
0,450000,2.5,52.0,,2,1,,0,True,False,True,False,False,False,False,True
0,1187000,4.0,110.0,Etagenwohnung,,2,1,0,True,True,True,True,True,True,True,False
0,169000,1.0,37.28,Sonstige,1,1,,1,True,False,False,False,True,False,False,False
0,299999,1.0,35.0,Etagenwohnung,1,1,,3,False,True,True,False,False,True,False,False
0,529000,1.5,63.4,Maisonette,1,1,1,,True,False,False,False,True,True,False,False
0,599000,4.0,90.0,Dachgeschoss,3,2,,,False,False,True,False,False,True,False,False
0,472000,2.0,64.3,Etagenwohnung,1,1,,1,True,True,True,False,True,True,False,False
0,960000,3.0,100.33,Erdgeschosswohnung,1,1,1,0,True,True,True,True,True,True,True,False
0,530000,3.0,66.0,Etagenwohnung,,1,,2,True,False,True,False,False,True,False,False
0,597000,2.0,60.1,Etagenwohnung,1,1,,6,True,False,False,False,True,True,False,False
0,449000,1.5,53.0,,1,1,,,False,False,False,False,True,False,False,False
0,747000,4.0,84.47,Etagenwohnung,3,1,,3,True,False,False,True,False,True,False,False
0,1750000,4.0,120.0,Etagenwohnung,2,1,,3,True,False,True,False,False,True,False,True
0,1464000,3.0,152.37,,2,3,1,,True,True,False,False,False,True,False,False
0,610000,3.0,84.0,Erdgeschosswohnung,2,1,1,0,False,True,True,False,True,True,False,False
0,1295000,3.0,121.0,Dachgeschoss,2,1,1,2,True,False,True,True,False,True,False,False
0,679000,2.0,53.11,Etagenwohnung,1,1,,3,False,False,True,False,False,True,False,False
0,795000,3.0,85.0,Etagenwohnung,2,1,1,1,True,False,False,True,False,True,False,False
0,205000,1.0,22.0,Dachgeschoss,,1,1,3,True,False,True,False,False,False,False,True
0,1333000,3.0,86.0,Etagenwohnung,2,1,,2,True,False,False,False,True,True,False,False
0,998000,3.5,111.0,,,,1,0,True,True,True,False,False,False,False,False
0,659000,2.0,79.0,Etagenwohnung,,1,1,,True,False,True,False,True,True,True,False
0,998200,3.5,97.5,Maisonette,2,2,1,2,True,True,False,True,True,True,False,False
0,320000,2.5,60.62,Etagenwohnung,,1,,2,False,False,False,False,False,True,False,True
0,1395000,3.0,72.45,Dachgeschoss,2,1,1,,True,False,True,False,True,True,False,False
0,425000,2.0,47.0,Etagenwohnung,1,1,,2,False,False,True,False,False,True,False,True
0,935000,3.0,76.9,Hochparterre,2,1,,0,True,False,True,False,True,False,False,False
0,385000,1.0,24.0,Hochparterre,,1,,1,False,False,True,False,True,True,False,False
0,1174500,5.0,122.0,Terrassenwohnung,2,2,1,1,True,True,True,True,False,True,False,False
0,835000,3.0,84.0,Etagenwohnung,2,1,1,6,True,False,False,True,True,True,True,True
0,2100000,5.5,248.33,Dachgeschoss,4,2,,,True,True,True,False,False,False,False,False
0,525000,2.0,53.0,Etagenwohnung,,,1,,True,False,False,False,True,False,False,False
0,1560000,4.0,125.0,Penthouse,3,2,1,1,True,False,True,True,True,True,False,False
0,495000,2.0,58.12,Etagenwohnung,1,1,1,1,True,True,False,False,True,True,False,True
0,1099000,3.0,105.06,Dachgeschoss,2,2,1,2,True,False,False,True,False,True,False,False
0,994000,4.0,130.0,Erdgeschosswohnung,3,2,1,,True,False,True,True,False,True,False,False
0,1095000,2.0,67.0,Etagenwohnung,1,1,,3,False,False,True,True,False,True,False,False
0,1040000,4.0,83.39,Erdgeschosswohnung,3,2,1,0,True,True,False,False,False,True,True,False
0,515000,3.0,72.0,Etagenwohnung,,1,1,4,True,False,False,False,True,True,True,False
0,7200000,8.0,348.0,Etagenwohnung,4,4,1,4,True,False,True,True,True,True,False,False
0,498000,2.0,57.5,,,,1,2,True,False,True,False,True,True,True,False
0,795000,3.0,100.0,Etagenwohnung,2,1,1,1,True,True,True,True,True,True,True,False
0,700000,2.0,80.55,Etagenwohnung,2,1,,4,True,False,True,False,True,True,False,False
0,880000,3.5,115.0,Erdgeschosswohnung,,,1,0,True,True,False,True,False,True,False,False
0,800000,3.5,99.0,Etagenwohnung,2,1,,2,True,False,True,True,True,True,False,False
0,269000,1.0,36.0,Etagenwohnung,1,1,1,1,True,False,True,False,False,True,False,False
0,692000,3.5,77.21,,2,1,1,,True,False,True,False,True,True,False,False
0,450000,3.0,88.0,Terrassenwohnung,2,1,1,0,True,False,True,True,True,True,False,False
0,482000,3.0,68.0,Sonstige,,,,1,True,False,False,False,False,True,False,False
0,590000,2.0,54.6,Etagenwohnung,1,1,1,3,True,False,True,False,True,True,False,True
0,495000,1.0,42.0,Etagenwohnung,,1,,3,False,False,False,False,True,False,False,False
0,899000,3.0,88.09,Etagenwohnung,,1,,1,True,False,False,True,False,False,False,False
0,1950000,4.0,101.0,Etagenwohnung,2,1,,3,True,False,False,False,False,True,False,False
0,798000,3.0,77.0,,2,1,1,1,True,True,False,False,False,True,False,False
0,625000,1.0,42.0,Penthouse,,1,,6,True,False,True,False,True,True,False,False
0,3950000,6.0,228.0,Penthouse,3,2,2,,True,False,True,True,True,True,False,False
0,450000,3.0,76.5,Etagenwohnung,2,2,1,2,True,False,True,True,True,True,False,False
0,460000,2.0,50.0,Erdgeschosswohnung,1,1,1,,True,False,False,False,False,False,False,True
0,1469000,4.0,127.0,,,2,1,3,False,True,False,True,False,False,False,False
0,990000,2.0,83.0,Penthouse,1,1,1,4,True,False,True,False,True,True,True,False
0,295000,2.0,41.59,Etagenwohnung,1,1,,4,True,False,False,False,False,False,False,False
0,520000,3.0,73.0,Etagenwohnung,2,1,1,4,True,False,True,False,True,True,False,False
0,629000,3.0,73.0,Etagenwohnung,2,1,,4,True,False,True,False,True,True,False,False
0,800000,3.0,97.7,Dachgeschoss,,2,1,4,True,False,False,False,True,True,False,True
0,825000,2.5,87.0,Terrassenwohnung,1,3,,,True,True,True,True,False,True,True,False
0,2600000,5.0,157.29,Maisonette,3,2,1,,True,False,False,True,False,True,False,False
0,529000,2.0,57.0,Etagenwohnung,1,1,,4,True,False,True,False,False,False,False,False
0,770000,4.0,80.0,Terrassenwohnung,2,1,1,0,True,True,False,True,False,True,True,False
0,3050000,7.0,255.0,Sonstige,2,2,2,,True,True,True,True,True,True,True,False
0,595000,3.0,66.0,,,,,,False,False,False,False,False,False,False,False
0,795000,2.0,65.0,Etagenwohnung,1,1,,3,False,False,True,False,True,False,False,True
0,1655000,4.0,135.13,Etagenwohnung,2,2,1,,True,False,True,True,True,False,True,False
0,755000,3.0,85.0,Etagenwohnung,2,1,,4,True,False,True,False,False,False,False,False
0,245475,1.0,25.55,Etagenwohnung,,,,6,True,False,True,False,True,False,False,False
0,1150000,3.0,98.2,Penthouse,2,1,1,2,True,False,True,False,True,True,True,False
0,1650000,3.0,107.0,Etagenwohnung,2,1,,3,False,False,True,False,False,True,False,False
0,960000,3.0,77.62,Etagenwohnung,2,1,1,1,True,False,True,False,True,True,False,False
0,669000,2.5,82.45,Etagenwohnung,2,1,,1,True,False,False,False,False,True,False,False
0,420000,2.0,44.0,Dachgeschoss,1,1,1,3,True,True,True,False,False,True,False,False
0,690000,2.0,57.0,Etagenwohnung,1,1,,3,True,True,True,False,False,True,False,False
0,389000,1.0,33.9,Etagenwohnung,,1,1,1,True,False,True,False,False,True,False,False
0,199400,1.0,42.0,Etagenwohnung,1,,,2,False,False,False,False,True,False,False,False
0,1890000,3.0,112.0,,,2,1,4,True,False,True,True,True,True,True,False
0,1369000,4.0,100.0,Erdgeschosswohnung,3,2,1,,True,True,False,True,True,True,False,False
0,416000,2.0,51.89,Etagenwohnung,1,1,1,,True,False,False,False,True,True,False,True
0,400000,2.0,57.0,Hochparterre,1,1,,,True,False,True,False,False,True,False,True
0,399000,1.0,28.0,Etagenwohnung,1,1,1,4,True,False,True,False,True,True,True,False
0,511000,3.0,78.91,,2,1,1,1,True,False,False,True,True,True,False,False
0,328750,1.0,26.3,Hochparterre,1,1,,0,False,False,True,False,False,False,False,True
0,819000,4.0,91.0,Maisonette,2,1,1,0,True,False,False,False,True,True,True,False
0,339000,1.0,37.0,,,,T,,False,True,False,False,False,False,False,False
0,910000,2.0,71.0,Etagenwohnung,1,1,,5,True,False,True,False,True,True,False,False
0,948000,3.5,100.26,Erdgeschosswohnung,2,2,1,0,True,True,True,False,True,True,False,False
0,910000,2.0,63.0,,1,1,,,False,False,True,False,True,True,False,False
0,248000,1.0,26.5,Etagenwohnung,1,1,,1,True,False,True,False,True,False,True,True
0,219000,1.0,23.18,Etagenwohnung,1,1,,0,True,False,True,False,True,True,False,True
0,675000,3.0,71.0,Erdgeschosswohnung,2,1,,,True,False,True,False,False,True,False,False
0,149000,1.0,36.84,Etagenwohnung,,1,,4,True,False,False,False,False,False,False,False
0,499000,1.0,51.0,,1,1,1,5,True,False,True,False,True,True,True,False
0,1190000,3.0,93.0,Etagenwohnung,2,1,,3,True,False,True,True,True,True,False,False
0,490000,3.0,79.45,Etagenwohnung,2,1,,,True,False,False,True,True,False,False,False
0,930000,3.0,84.0,Etagenwohnung,2,1,1,3,True,False,True,True,True,True,True,False
0,520000,2.0,62.86,Sonstige,,1,1,,True,False,False,False,False,True,False,False
0,1590000,5.5,185.0,Penthouse,4,2,1,3,True,False,True,False,False,True,False,False
0,795000,3.0,82.36,Dachgeschoss,2,1,2,3,True,False,False,False,True,False,False,False
0,914900,3.0,75.95,Erdgeschosswohnung,,,,,True,False,False,False,True,True,False,False
0,264000,1.0,33.0,Etagenwohnung,,,1,,True,False,True,False,True,False,False,False
0,269000,1.0,33.0,,,1,1,3,True,False,False,False,True,True,False,True
0,678000,3.0,80.4,,,,,,True,False,False,False,True,True,False,True
0,639000,2.0,53.0,,,1,2,,False,True,False,False,True,True,False,False
0,425000,1.0,31.0,Erdgeschosswohnung,1,1,1,0,False,False,False,False,True,True,True,False
0,769000,2.0,62.14,Dachgeschoss,1,1,1,3,True,False,True,False,True,True,True,False
0,1630000,3.5,81.0,Erdgeschosswohnung,3,2,1,0,True,False,True,True,True,True,True,False
0,329000,1.0,37.5,Etagenwohnung,,1,1,,True,False,False,False,True,True,False,False
0,299000,1.0,22.0,Etagenwohnung,1,1,1,3,True,False,True,False,True,True,False,False
0,399000,2.0,56.0,Etagenwohnung,1,1,,5,True,False,True,False,True,True,False,False
0,1350000,5.0,117.0,Etagenwohnung,,2,,1,True,True,False,True,True,True,True,True
0,429000,1.0,41.2,Dachgeschoss,1,1,,3,True,False,True,False,False,True,False,False
0,350000,1.0,33.0,Terrassenwohnung,,1,1,0,True,True,True,False,False,True,False,True
0,900000,3.0,87.0,Etagenwohnung,2,1,1,2,True,False,True,True,True,True,False,False
0,385000,2.0,52.0,Etagenwohnung,1,1,1,1,True,False,True,False,False,True,False,True
0,1560000,4.0,110.0,Etagenwohnung,3,1,1,1,True,True,True,True,True,True,False,False
0,1190000,4.0,124.0,Erdgeschosswohnung,3,1,,0,True,True,True,True,True,True,False,False
0,630000,3.0,76.0,Terrassenwohnung,2,2,1,0,True,True,False,True,False,True,False,True
0,2290000,3.0,126.33,Etagenwohnung,2,2,1,6,True,False,True,True,True,True,False,False
0,1210000,2.0,76.29,,1,1,,-,True,True,True,False,True,True,False,False
0,1425000,3.0,81.1,Etagenwohnung,1,1,,3,True,False,False,False,True,True,False,False
0,399000,2.0,44.46,Etagenwohnung,1,1,,1,True,False,True,False,False,False,False,True
0,645000,3.0,77.0,Etagenwohnung,2,2,1,1,True,False,False,False,True,False,False,False
0,529000,2.0,54.37,Terrassenwohnung,,1,,0,True,False,True,False,True,True,True,False
0,245000,1.0,50.0,Etagenwohnung,,,,1,False,True,False,False,True,False,True,True
0,595000,2.0,62.0,Etagenwohnung,1,1,,2,False,False,True,False,False,True,False,False
0,945000,4.0,107.0,Erdgeschosswohnung,2,2,1,,True,True,True,True,True,True,True,False
0,289000,1.0,32.0,,,,T,,True,False,True,False,False,True,False,False
0,650000,3.0,76.24,Erdgeschosswohnung,2,1,1,,True,False,True,False,True,True,False,False
0,1199000,4.0,110.0,Dachgeschoss,,1,,4,True,False,True,False,False,True,False,False
0,585000,3.0,75.54,Etagenwohnung,2,1,1,4,True,False,False,False,True,True,False,False
0,999000,3.0,110.0,,,1,1,1,True,False,False,False,False,True,False,False
0,1895000,3.0,126.87,Dachgeschoss,1,1,,5,True,False,False,True,False,True,False,True
0,948000,4.0,100.0,Etagenwohnung,3,2,1,3,True,False,True,True,True,True,True,False
0,420000,3.0,67.0,Etagenwohnung,2,1,1,4,True,False,True,False,False,True,False,False
0,655000,3.0,84.0,Etagenwohnung,2,1,1,1,True,False,True,False,False,True,False,False
0,719000,3.0,92.0,Maisonette,2,2,1,,True,False,True,False,True,True,False,True
0,479000,2.0,32.17,Etagenwohnung,1,1,,1,False,True,True,False,True,True,False,False
0,649000,4.0,76.5,Dachgeschoss,3,1,,4,True,False,False,False,False,True,False,False
0,666500,3.0,86.0,Etagenwohnung,2,1,1,1,True,False,False,False,True,False,False,False
0,458000,3.0,71.0,Etagenwohnung,1,1,1,2,True,False,True,False,True,True,False,False
0,364000,2.0,56.5,Etagenwohnung,1,1,1,3,True,False,False,False,True,True,False,True
0,395000,2.0,50.0,Etagenwohnung,,1,,2,True,False,True,False,False,True,False,False
0,520000,2.0,57.0,Etagenwohnung,1,1,1,6,True,False,True,False,True,True,True,False
0,537000,2.0,60.0,Etagenwohnung,1,1,1,1,True,False,True,False,False,True,False,True
0,420000,2.0,50.0,Etagenwohnung,,,1,2,False,False,True,True,True,True,False,True
0,500000,2.0,60.0,Etagenwohnung,,1,1,2,True,False,False,False,True,True,False,False
0,259900,1.0,24.41,Etagenwohnung,1,1,1,1,False,False,True,False,True,True,True,True
0,1197000,3.0,72.37,Terrassenwohnung,,2,1,2,True,False,False,True,True,True,True,False
0,668500,2.0,66.88,Hochparterre,1,1,,0,False,False,False,False,False,True,False,True
0,1549000,4.0,85.61,Etagenwohnung,3,1,,1,True,True,True,True,True,True,False,False
0,705000,4.0,89.0,Etagenwohnung,,,1,2,True,False,True,False,True,True,False,False
0,840000,2.5,82.0,Erdgeschosswohnung,1,1,,,False,True,True,False,False,True,False,True
0,1450000,4.5,167.3,Penthouse,,,2,6,False,False,False,True,False,False,False,False
0,1080000,3.0,101.0,Etagenwohnung,,,1,2,True,False,True,False,True,True,False,False
0,760000,3.0,76.0,Etagenwohnung,2,1,1,2,True,False,False,False,True,True,False,False
0,797000,1.0,84.0,Maisonette,1,1,,,True,True,True,False,True,True,True,False
0,260000,1.0,31.0,,,1,,3,False,False,False,False,True,False,False,False
0,598000,2.0,63.22,Hochparterre,1,1,1,0,True,True,True,False,True,True,False,False
0,620000,2.0,55.0,Etagenwohnung,1,1,,1,False,False,True,False,False,True,False,True
0,765000,3.5,74.0,Erdgeschosswohnung,2,2,1,,True,True,True,True,False,True,False,True
0,270000,1.5,41.0,Etagenwohnung,1,1,,7,True,False,True,False,True,True,True,True
0,1285000,4.0,134.3,Etagenwohnung,3,2,1,3,True,False,True,False,True,True,False,False
0,810000,3.0,64.09,Etagenwohnung,,,,,True,False,True,False,True,True,False,False
0,539000,2.0,70.0,Etagenwohnung,1,2,1,4,True,False,True,False,True,True,False,False
0,445000,1.0,34.0,Etagenwohnung,1,1,,3,True,False,True,False,True,True,False,False
0,375000,2.0,43.31,Etagenwohnung,1,1,1,3,True,False,True,False,True,True,False,False
0,275000,1.5,34.0,Erdgeschosswohnung,1,1,,0,False,False,False,False,True,True,False,True
0,590000,2.0,57.0,Dachgeschoss,1,1,1,,True,False,True,False,False,True,False,False
0,650000,3.0,98.5,Etagenwohnung,,1,1,5,True,False,False,True,False,True,False,False
0,270000,1.0,31.0,Etagenwohnung,,1,,6,True,False,True,False,True,True,False,False
0,569000,3.0,74.0,,2,1,,1,True,False,True,False,True,True,False,False
0,4300000,5.0,213.0,,3,3,1,1,True,False,False,False,True,True,False,False
0,1799000,7.0,178.0,Penthouse,,,2,4,True,False,True,False,True,True,False,False
0,499000,3.0,73.0,Etagenwohnung,2,1,1,2,True,False,False,False,True,True,False,False
0,498000,1.0,46.0,Etagenwohnung,,1,1,0,True,False,True,False,True,True,True,False
0,1085000,3.0,84.76,Dachgeschoss,2,1,1,,True,False,False,False,False,True,False,False
0,1920000,3.5,132.0,,3,1,,5,True,False,True,False,True,True,False,False
0,305000,1.0,33.0,Dachgeschoss,1,1,1,8,True,False,True,False,True,True,False,False
0,249000,1.0,50.0,Etagenwohnung,,,,1,False,True,False,False,True,False,True,True
0,298000,1.0,32.2,Etagenwohnung,,,,2,False,False,False,False,True,False,False,False
0,1239000,3.0,158.19,Dachgeschoss,2,2,1,4,True,False,False,True,True,True,False,False
0,3850000,3.0,184.0,,2,2,1,2,True,False,False,False,True,True,False,False
0,325000,2.0,46.79,Etagenwohnung,1,1,,3,True,False,True,False,False,True,False,True
0,488000,3.0,75.0,Etagenwohnung,2,1,1,3,True,False,False,False,False,False,False,True
0,2750000,3.0,134.0,Sonstige,2,1,1,2,True,False,True,True,True,True,True,False
0,479000,2.0,46.89,Etagenwohnung,,1,1,,True,False,False,False,False,True,False,True
0,319000,1.0,33.0,,,1,,2,True,False,False,False,False,True,False,False
0,488700,3.0,76.65,Etagenwohnung,3,1,1,,True,False,True,True,True,True,False,False
0,970000,3.0,111.0,Maisonette,2,1,1,2,True,False,True,True,False,True,False,False
0,440000,1.0,34.0,Etagenwohnung,1,1,1,,True,False,False,False,True,False,False,False
0,895000,2.0,63.0,Etagenwohnung,,,1,1,True,False,True,False,True,True,True,False
0,990000,4.0,106.0,Hochparterre,,1,,,True,False,False,True,False,True,False,False
0,815000,3.0,75.0,Etagenwohnung,2,1,,3,True,False,True,False,True,True,False,False
0,538000,3.0,67.54,Etagenwohnung,2,1,,7,True,False,True,False,True,True,False,False
0,939000,3.0,125.31,Etagenwohnung,2,1,1,6,True,False,False,False,True,True,False,False
0,440000,1.5,42.65,Etagenwohnung,,,1,,True,False,True,False,True,True,False,False
0,508000,3.0,79.0,Dachgeschoss,1,1,,8,True,False,True,False,True,True,False,False
0,459000,3.0,61.64,,,1,,,True,False,False,False,True,False,False,False
0,299500,3.0,115.0,Etagenwohnung,2,2,1,6,True,False,False,False,True,True,True,True
0,279900,1.0,28.27,Etagenwohnung,1,1,1,1,False,False,True,False,True,True,True,True
0,1360000,2.5,85.0,Etagenwohnung,1,1,,3,True,True,True,False,True,True,False,False
0,335000,2.0,44.0,Etagenwohnung,,,,,True,False,False,False,True,False,False,False
0,400000,2.5,63.55,Etagenwohnung,2,1,,1,True,False,True,False,True,True,False,True
0,2290000,4.0,176.0,Etagenwohnung,2,2,2,3,True,False,True,True,True,True,True,False
0,570000,3.5,81.0,Etagenwohnung,1,1,1,2,True,False,False,True,True,True,False,False
0,499000,2.0,61.73,Etagenwohnung,,1,1,1,True,False,False,False,True,False,False,False
0,1700000,7.0,424.0,Erdgeschosswohnung,6,2,,,True,False,True,True,True,True,False,True
0,417000,2.0,70.82,Etagenwohnung,1,1,1,5,False,False,True,False,True,True,False,False
0,899900,1.0,55.46,Maisonette,1,1,,4,True,False,True,False,True,False,False,False
0,632500,2.0,59.0,Etagenwohnung,1,1,,1,False,False,True,False,True,True,False,False
0,764000,3.0,85.0,Erdgeschosswohnung,2,1,1,,False,True,True,False,False,False,False,False
0,615500,2.0,67.19,Dachgeschoss,1,1,1,2,True,False,True,False,False,True,False,False
0,615000,2.0,50.0,Souterrain,,1,,,False,False,True,False,False,False,False,True
0,980000,4.0,144.0,Maisonette,3,2,1,0,True,True,True,True,True,True,False,False
0,1290000,3.0,130.0,Terrassenwohnung,2,1,1,1,True,False,True,True,True,True,True,True
0,289000,1.0,22.0,Hochparterre,1,1,,0,False,True,True,False,True,True,False,True
0,338000,1.0,32.0,,1,1,,,True,False,False,False,True,True,False,False
0,1630000,5.0,181.02,Dachgeschoss,3,2,2,2,True,False,True,True,True,False,False,False
0,2638000,6.0,182.08,Etagenwohnung,4,1,1,3,True,False,False,True,True,True,False,True
0,495000,2.5,78.0,Etagenwohnung,1,1,,1,False,False,True,False,False,False,False,False
0,686000,2.5,75.0,Etagenwohnung,1,1,2,0,True,False,True,False,True,True,False,False
0,240000,1.0,26.0,Erdgeschosswohnung,,1,,0,True,True,True,False,True,False,True,True
0,445000,1.0,34.0,Etagenwohnung,1,1,,3,True,False,True,False,True,True,False,False
0,729000,3.0,87.0,Etagenwohnung,,,1,,False,False,False,True,True,True,False,False
0,429900,1.0,28.38,Etagenwohnung,1,1,,5,False,False,True,False,True,False,False,False
0,790000,2.0,91.0,Penthouse,1,,1,,True,False,True,True,True,True,False,False
0,725000,4.0,97.2,Etagenwohnung,3,1,1,1,False,False,False,False,True,True,False,False
0,335000,1.0,23.94,Etagenwohnung,,1,,1,False,False,True,False,True,False,False,False
0,573000,2.5,65.17,Etagenwohnung,1,1,,2,True,False,True,True,True,False,False,False
0,1570000,4.5,107.2,Etagenwohnung,3,2,,3,True,False,True,True,True,True,False,True
0,590000,2.5,76.26,Etagenwohnung,1,1,1,4,True,False,True,False,True,True,False,False
0,1100000,4.0,99.4,Erdgeschosswohnung,,,1,0,True,True,False,True,False,True,False,False
0,625000,4.0,83.0,Etagenwohnung,3,1,1,,True,False,True,True,False,True,False,False
0,830000,3.0,86.0,Etagenwohnung,2,2,1,1,True,False,True,False,False,True,False,True
0,2250000,3.0,131.0,,,,T,,True,False,True,True,True,True,False,False
0,1998000,4.0,134.0,Dachgeschoss,,,,4,False,False,True,True,True,False,False,False
0,288000,1.0,37.0,Etagenwohnung,1,1,,1,True,False,False,False,True,True,False,False
0,632000,2.0,65.0,Etagenwohnung,2,2,2,3,False,False,True,True,True,True,False,False
0,690000,3.0,81.0,Etagenwohnung,,,1,,False,False,False,False,False,True,False,False
0,949000,3.0,125.0,Erdgeschosswohnung,2,1,1,0,True,True,True,True,False,True,False,False
0,5290000,4.0,270.0,Erdgeschosswohnung,,2,2,,True,True,True,True,False,True,False,False
0,660000,3.0,80.96,Erdgeschosswohnung,2,1,1,,True,False,True,False,False,False,False,False
0,1030000,3.0,98.0,,,2,1,,True,False,True,True,True,True,False,False
0,575000,2.0,52.82,Etagenwohnung,,1,1,2,True,False,True,False,True,True,True,False
0,820000,2.0,63.87,Etagenwohnung,2,1,,1,True,False,True,False,False,True,False,False
0,1150000,3.0,83.51,Etagenwohnung,2,1,,2,True,False,True,False,True,True,False,False
0,2900000,4.0,160.32,Terrassenwohnung,3,3,2,0,True,True,True,True,True,True,True,False
0,695000,4.0,96.0,Etagenwohnung,3,1,1,1,True,True,True,True,True,True,False,False
0,590000,3.0,76.0,Etagenwohnung,2,1,1,2,True,False,True,True,False,True,False,False
0,299000,1.0,35.0,Dachgeschoss,1,1,1,2,True,False,True,False,False,True,False,False
0,950000,3.5,81.0,Erdgeschosswohnung,,1,,,True,False,True,False,True,True,False,True
0,278000,2.0,43.0,Etagenwohnung,1,1,,3,True,False,True,False,True,False,True,False
0,3190000,5.0,192.0,Maisonette,3,2,1,,True,False,True,False,True,False,False,False
0,580000,2.0,49.0,Erdgeschosswohnung,1,1,,,False,False,True,False,True,True,True,False
0,695000,3.5,101.0,Dachgeschoss,2,1,1,1,False,False,True,False,False,False,False,False
0,3600000,4.0,222.0,Penthouse,3,2,2,5,True,False,True,True,True,True,True,False
0,740000,2.0,48.0,Etagenwohnung,1,1,1,4,True,False,False,False,True,True,False,False
0,1799000,7.0,178.0,,,,2,4,True,False,True,False,True,True,False,False
0,449000,2.0,49.0,,2,2,,0,True,False,True,False,False,True,False,False
0,1050000,3.0,97.0,Erdgeschosswohnung,2,1,1,,True,True,True,False,False,True,False,False
0,215000,1.0,23.0,,,,,,True,False,True,False,True,True,False,False
0,2100000,3.0,162.35,Penthouse,2,2,3,4,True,False,True,True,True,True,True,False
0,445000,2.5,61.0,Dachgeschoss,1,1,,5,False,False,True,False,False,True,False,False
0,600000,1.0,45.95,Erdgeschosswohnung,,1,1,0,True,True,True,False,False,True,False,False
0,409000,1.0,29.0,Etagenwohnung,,1,,,True,False,False,False,True,False,False,False
0,663000,2.0,46.0,Etagenwohnung,1,1,,1,True,False,True,False,True,True,False,False
0,1450000,3.0,103.0,Dachgeschoss,2,2,,5,False,False,True,True,False,True,False,False
0,2000000,4.0,115.0,Erdgeschosswohnung,,,1,,True,True,True,True,True,True,True,True
0,445000,1.0,52.94,Hochparterre,,1,1,,True,False,True,False,True,True,False,False
0,650000,3.0,73.0,Etagenwohnung,2,1,1,5,True,True,True,False,True,True,False,False
0,520000,2.0,48.0,Erdgeschosswohnung,,,1,0,True,True,False,False,True,True,False,False
0,1259000,4.0,103.9,Etagenwohnung,3,2,1,0,True,False,True,False,True,True,True,False
0,626000,1.0,32.0,Etagenwohnung,1,1,,1,True,True,False,False,True,True,False,False
0,478200,3.0,59.77,Etagenwohnung,2,1,1,7,True,False,False,False,True,True,False,False
0,1299000,4.0,155.28,Etagenwohnung,3,3,1,1,True,False,False,False,False,True,False,False
0,724900,3.0,80.0,Terrassenwohnung,,1,1,0,True,False,False,False,False,False,False,False
0,365000,2.0,51.0,Etagenwohnung,1,1,1,4,True,False,True,False,True,True,False,False
0,1130000,3.0,110.0,Etagenwohnung,2,2,1,2,True,False,True,True,True,False,True,False
0,1125000,5.0,127.0,Etagenwohnung,3,2,1,7,True,False,True,False,True,True,False,False
0,680000,3.0,70.0,,2,1,,2,True,False,True,False,False,False,False,True
0,574000,3.0,73.0,Etagenwohnung,2,1,1,2,True,False,True,False,True,True,False,False
0,590000,3.0,79.0,Etagenwohnung,2,1,1,1,True,True,True,False,False,True,False,False
0,299500,1.0,28.2,Etagenwohnung,,1,,,True,False,False,False,False,True,False,False
0,589000,3.0,85.0,Dachgeschoss,2,1,,5,False,False,True,True,False,True,False,False
0,229000,1.0,23.0,Etagenwohnung,1,1,,2,True,False,True,False,True,False,False,False
0,1340000,3.0,174.69,Etagenwohnung,,2,1,3,True,False,False,False,False,False,False,False
0,246000,1.0,31.24,Terrassenwohnung,,1,1,4,True,False,True,False,True,True,False,False
0,1180000,2.0,91.7,Etagenwohnung,,,,2,True,False,True,True,False,True,False,False
0,1020500,4.0,102.0,Erdgeschosswohnung,,2,1,0,True,True,True,True,True,False,True,False
0,1890000,4.0,177.71,Penthouse,3,2,2,5,False,False,False,True,True,False,False,False
0,3895000,5.5,211.74,Etagenwohnung,,1,2,,True,True,True,True,False,False,False,False
0,749000,3.0,87.0,Dachgeschoss,2,1,1,2,True,False,True,False,False,True,False,True
0,945000,3.5,102.0,,,2,,,False,False,False,False,True,False,False,False
0,1069000,5.0,107.0,Etagenwohnung,4,2,1,2,True,False,True,False,True,True,False,False
0,467500,2.0,47.97,Erdgeschosswohnung,1,1,1,0,True,True,False,False,True,True,True,False
0,799000,4.0,97.8,Etagenwohnung,,1,1,3,True,False,False,True,False,False,False,False
0,239000,1.0,22.0,Etagenwohnung,,1,,5,True,False,True,False,True,False,False,False
0,479000,2.0,51.7,Etagenwohnung,,1,1,1,True,False,True,False,True,False,False,False
0,4850000,8.0,388.0,Penthouse,6,1,3,1,True,True,True,True,True,True,False,False
0,369000,1.0,22.0,Etagenwohnung,,,,,True,False,True,False,False,False,False,True
0,540000,2.0,55.8,Etagenwohnung,,,,,True,False,True,False,False,False,False,True
0,479000,2.0,32.17,Etagenwohnung,1,1,,1,False,True,True,False,True,True,False,False
0,429000,2.0,51.55,Erdgeschosswohnung,1,1,1,0,True,False,True,False,True,False,False,False
0,459000,3.0,63.0,Sonstige,,1,,2,True,False,True,False,True,True,True,False
0,470000,2.0,60.0,Etagenwohnung,,1,1,3,True,False,True,False,False,True,False,True
0,398000,3.0,70.1,Etagenwohnung,2,1,1,1,True,False,False,False,False,True,False,False
0,370000,1.0,36.0,Etagenwohnung,,1,,1,True,False,True,False,True,True,False,False
0,469000,2.0,65.88,,1,1,1,1,True,True,True,False,False,True,False,False
0,499000,2.0,63.0,Etagenwohnung,1,1,,9,True,False,True,False,True,True,False,False
0,390000,1.0,39.32,Etagenwohnung,,1,,1,True,False,False,False,True,False,False,False
0,205000,1.0,26.0,Souterrain,,1,,0,False,True,True,False,False,False,False,False
0,659000,4.0,76.0,Etagenwohnung,2,1,,1,True,False,False,False,False,True,False,False
0,478000,2.0,52.0,Etagenwohnung,,1,1,6,True,False,False,False,False,False,False,True
0,299000,1.0,35.0,Dachgeschoss,1,1,1,2,False,False,False,False,False,True,False,True
0,289000,1.0,35.0,Etagenwohnung,1,1,1,0,True,True,True,False,True,True,False,True
0,649000,3.0,71.0,Etagenwohnung,2,1,1,1,True,True,True,True,False,True,False,False
0,405000,2.0,63.55,Etagenwohnung,1,1,1,1,True,False,True,False,False,True,False,False
0,449000,2.0,63.77,Etagenwohnung,,1,,,True,False,False,True,False,False,False,False
0,890000,3.0,100.0,Etagenwohnung,1,1,2,1,True,False,True,True,True,True,False,False
0,329999,1.0,24.5,Etagenwohnung,,1,,,False,False,True,False,True,False,False,False
0,1925000,5.0,188.0,Erdgeschosswohnung,3,3,2,0,True,False,True,False,True,True,False,False
0,699000,3.0,79.0,Dachgeschoss,2,1,1,4,True,False,True,True,True,True,False,False
0,6784000,5.0,256.0,Penthouse,3,2,,4,True,False,True,True,True,True,False,False
0,441400,2.0,55.18,Etagenwohnung,1,1,T,,True,False,False,False,True,True,False,False
0,619000,4.0,84.0,Etagenwohnung,3,1,,6,True,False,True,True,True,True,False,False
0,740000,2.0,51.0,Etagenwohnung,1,1,,3,False,False,True,False,False,True,False,False
0,849000,5.0,113.0,Etagenwohnung,4,1,T,,False,False,True,True,False,True,False,False
0,873000,3.0,60.0,Etagenwohnung,3,1,,3,False,False,False,False,False,True,False,False
0,449000,3.0,78.0,Etagenwohnung,2,1,,2,True,True,False,True,True,True,False,True
0,699000,3.0,67.22,Etagenwohnung,3,1,1,2,True,False,True,False,True,True,True,False
0,1690000,3.5,131.05,Maisonette,2,2,2,3,True,True,True,True,True,True,False,False
0,2579000,4.5,160.0,Hochparterre,3,2,1,0,True,True,True,True,False,True,False,False
0,3100000,6.0,293.0,Erdgeschosswohnung,,,3,0,True,False,True,False,True,True,False,False
0,765000,2.0,40.0,Etagenwohnung,1,1,,1,False,True,False,False,True,True,True,True
0,1249000,4.0,104.81,Etagenwohnung,,1,,1,True,False,True,False,False,True,False,False
0,855000,4.0,98.0,Dachgeschoss,3,1,1,,True,False,True,True,False,True,False,True
0,570000,2.0,57.01,Erdgeschosswohnung,1,1,1,0,True,True,False,False,True,True,True,False
0,850000,2.5,69.6,Hochparterre,1,1,,,True,False,False,False,False,True,False,False
0,785000,3.0,72.43,Erdgeschosswohnung,2,1,1,,False,True,False,True,True,True,True,False
0,2490000,4.0,145.0,Etagenwohnung,3,2,1,4,False,False,True,False,True,False,False,True
0,758000,3.0,73.46,Dachgeschoss,2,1,1,2,True,True,True,True,False,True,False,False
0,285000,1.0,30.03,Etagenwohnung,1,1,,,False,False,True,False,False,False,False,False
0,280000,1.5,42.0,Etagenwohnung,1,1,1,2,True,False,True,False,True,True,True,True
0,789000,3.0,81.0,Terrassenwohnung,2,1,1,0,True,True,True,False,False,True,True,False
0,870000,3.0,80.0,Etagenwohnung,2,2,1,3,False,False,False,True,False,False,False,False
0,395000,1.0,35.36,Etagenwohnung,,1,,3,True,False,True,False,True,True,False,False
0,430000,2.5,50.0,Etagenwohnung,2,1,,2,True,False,False,False,False,True,False,True
0,769000,2.5,63.0,Sonstige,,1,,2,False,True,True,False,False,True,False,False
0,2750000,3.0,134.0,Sonstige,2,1,1,2,True,False,True,True,True,True,True,False
0,270000,1.0,33.0,Dachgeschoss,,1,1,3,False,True,True,False,False,True,False,False
0,750000,2.0,48.0,,1,1,,4,True,False,True,False,True,True,False,True
0,840000,2.0,72.0,Terrassenwohnung,1,1,1,4,True,False,True,False,True,True,False,True
0,714900,4.0,106.52,Etagenwohnung,3,1,1,5,True,False,True,True,True,True,False,False
0,645000,2.0,51.65,Erdgeschosswohnung,1,1,,0,True,True,True,False,True,True,False,False
0,665000,2.0,59.0,Sonstige,1,1,1,3,True,False,True,False,True,True,False,True
0,9570000,8.0,355.0,Penthouse,,2,6,6,False,False,True,True,True,True,False,False
0,270000,1.5,28.0,,,1,,1,False,False,False,False,False,False,False,False
0,625000,3.0,70.0,Erdgeschosswohnung,,,1,,True,False,True,False,True,True,False,False
0,1498000,3.0,87.0,Etagenwohnung,2,2,1,2,True,False,True,True,True,True,True,False
0,599000,4.0,83.0,Etagenwohnung,,,1,,True,False,True,False,True,False,False,False
0,395000,2.0,55.0,,,,1,1,True,True,False,False,True,True,False,True
0,725000,5.0,135.32,Erdgeschosswohnung,3,2,,,True,False,False,False,False,False,False,False
0,790000,4.0,81.0,Hochparterre,3,1,,,False,False,False,False,True,True,False,False
0,499000,3.0,71.0,Etagenwohnung,2,1,1,5,True,False,False,False,True,False,True,False
0,1250000,4.0,105.0,Etagenwohnung,3,2,1,5,True,False,True,True,True,True,True,False
0,324000,1.0,36.0,,,1,,6,True,False,False,False,True,False,True,True
0,729000,2.0,52.03,Etagenwohnung,1,1,1,2,False,False,False,False,True,True,True,False
0,320000,1.0,29.46,Etagenwohnung,1,1,1,2,True,False,False,False,True,True,False,True
0,529000,3.0,71.0,Etagenwohnung,2,1,,,True,False,False,False,True,False,False,False
0,950000,4.0,100.87,Dachgeschoss,3,2,1,,True,False,True,False,True,False,False,False
0,3500000,5.0,171.49,Dachgeschoss,3,2,,,True,False,False,True,True,True,False,False
0,835000,3.0,70.12,Etagenwohnung,2,1,1,1,True,False,True,False,False,True,True,True
0,748000,1.0,55.19,Etagenwohnung,,1,,2,True,True,True,False,True,True,False,True
0,400000,2.0,47.07,Etagenwohnung,1,1,1,2,True,False,True,False,True,False,False,True
0,1100000,2.0,70.0,Etagenwohnung,1,1,,3,True,False,False,False,False,False,True,False
0,525000,3.0,61.0,Dachgeschoss,2,1,1,,False,False,True,False,True,True,False,True
0,1120000,2.0,62.32,Hochparterre,1,1,,,True,True,True,False,True,True,False,False
0,423500,2.0,33.0,Terrassenwohnung,1,1,1,,True,False,False,False,False,False,False,False
0,730000,3.0,84.7,Hochparterre,2,2,1,0,True,False,False,False,False,True,False,True
0,1350000,3.0,82.0,Etagenwohnung,,1,,2,True,True,False,False,True,True,False,False
0,589000,2.0,60.0,Etagenwohnung,1,1,1,1,True,False,False,False,True,True,True,False
0,333000,2.0,32.7,Dachgeschoss,1,1,,2,False,False,False,False,False,True,False,False
0,748000,3.5,80.0,Etagenwohnung,,1,1,1,True,False,True,True,True,True,True,False
0,499000,2.0,52.24,Etagenwohnung,1,1,1,1,True,False,True,False,False,True,False,True
0,260000,1.0,33.7,Etagenwohnung,,,1,5,False,False,True,False,False,True,False,True
0,595000,3.0,75.0,Erdgeschosswohnung,2,1,1,,True,False,True,True,True,True,True,False
0,319000,1.0,33.0,Etagenwohnung,,1,,,True,False,True,False,True,True,False,False
0,1119000,2.0,71.25,Erdgeschosswohnung,,2,,0,True,False,False,True,True,True,False,False
0,888000,4.0,96.1,Erdgeschosswohnung,,2,1,0,True,True,True,True,True,True,True,False
0,1165000,4.0,112.21,Erdgeschosswohnung,,2,1,0,True,True,True,False,True,True,True,False
0,284000,1.0,36.0,Etagenwohnung,1,1,,1,True,True,True,False,True,True,False,True
0,750000,3.0,75.0,Etagenwohnung,2,1,1,2,True,True,True,False,False,True,False,False
0,589000,2.0,62.85,Etagenwohnung,1,1,,2,False,False,False,False,False,False,False,True
0,1650000,3.0,183.0,Erdgeschosswohnung,,2,1,0,True,False,False,True,True,False,False,False
0,455500,2.0,62.0,Etagenwohnung,1,1,1,1,True,False,True,False,False,True,False,True
0,850000,3.0,87.0,Erdgeschosswohnung,2,1,1,,True,False,False,True,False,True,False,True
0,799000,4.0,85.35,Etagenwohnung,2,1,,1,False,False,False,False,False,False,False,True
0,910000,3.0,75.6,,,,,,True,False,False,False,False,False,False,False
0,489700,2.0,45.63,Etagenwohnung,1,1,,1,True,False,True,False,False,True,False,False
0,1190000,3.5,88.0,Etagenwohnung,2,1,,,False,False,False,False,False,True,False,True
0,279900,1.0,32.0,Hochparterre,,1,,1,True,False,True,False,True,True,False,False
0,290000,1.0,32.0,Etagenwohnung,,,,8,False,False,True,False,True,True,False,False
0,280000,1.0,35.5,Etagenwohnung,,1,,,True,False,True,False,True,False,False,True
0,649000,3.0,94.0,Etagenwohnung,2,1,,1,True,False,True,False,False,True,False,False
0,2300000,5.0,192.0,Etagenwohnung,,1,,2,True,False,False,True,False,False,True,True
0,925000,3.0,102.75,Etagenwohnung,2,1,,1,True,False,True,True,False,True,False,False
0,644000,3.0,69.6,Etagenwohnung,1,1,,2,False,False,False,False,False,False,False,True
0,419500,3.0,59.97,Etagenwohnung,2,1,T,,True,False,False,False,True,True,False,True
0,580000,2.0,50.0,Etagenwohnung,1,1,1,1,True,True,False,False,True,True,False,False
0,735000,2.0,67.28,Etagenwohnung,1,1,1,4,False,False,True,False,False,True,False,False
0,330000,1.0,42.0,,,,1,,True,False,False,False,False,True,False,False
0,620000,3.0,72.0,Erdgeschosswohnung,,1,,0,True,False,True,False,True,True,True,False
0,539000,2.0,38.92,Etagenwohnung,1,1,1,4,True,False,True,False,True,True,False,True
0,1674000,4.0,204.0,Maisonette,,2,2,,True,False,False,False,False,False,False,False
0,1389900,3.5,114.26,Etagenwohnung,2,1,1,1,True,False,True,True,True,True,True,False
0,995000,2.0,60.0,Dachgeschoss,1,1,,4,False,False,True,False,True,True,False,False
0,1600000,6.0,160.0,Terrassenwohnung,5,2,1,0,True,True,True,True,False,True,False,False
0,1090000,3.0,106.0,Hochparterre,2,1,,,False,False,True,False,True,False,False,False
0,620000,3.0,100.0,,,,,,True,False,False,False,False,False,False,False
0,1100000,3.0,132.0,,2,2,2,2,True,True,True,True,False,True,False,False
0,439000,3.0,84.0,,,,1,0,True,False,False,False,False,False,False,False
0,890000,3.0,86.6,,1,1,1,5,True,False,True,False,True,True,True,False
0,599000,4.0,75.0,Etagenwohnung,3,1,,3,True,True,True,False,False,True,False,False
0,279000,1.0,34.0,Etagenwohnung,1,1,D,3,True,False,False,False,True,True,False,True
0,430000,2.0,55.0,Etagenwohnung,1,1,1,2,True,False,True,False,True,True,False,True
0,690000,3.0,71.0,,,,,1,False,False,False,False,False,False,False,True
0,1180000,4.0,110.0,Etagenwohnung,2,1,1,2,True,True,True,True,True,True,False,True
0,559000,2.0,61.3,Etagenwohnung,,1,,9,True,False,False,False,False,False,False,True
0,415000,2.0,54.57,Etagenwohnung,,1,1,1,True,False,False,False,False,False,False,False
0,410000,1.0,41.0,Etagenwohnung,,1,,0,True,False,True,False,False,True,False,False
0,1690000,2.0,77.03,Etagenwohnung,,2,,,True,False,False,True,True,True,False,False
0,525000,3.0,63.0,Etagenwohnung,,,,1,True,False,False,False,False,True,False,True
0,1070000,5.0,127.0,Etagenwohnung,3,2,1,7,True,False,True,False,True,True,False,False
0,1280000,2.0,90.0,Etagenwohnung,1,1,1,2,True,False,True,False,True,True,False,False
0,1677000,3.0,114.5,,,,,,True,False,False,False,True,False,True,False
0,1150000,3.0,128.0,Etagenwohnung,2,2,1,1,True,False,True,True,True,True,False,True
0,926000,4.0,102.0,,,,,,True,False,False,False,False,False,False,False
0,880000,2.0,80.0,Etagenwohnung,1,1,1,3,True,False,True,False,True,True,False,False
0,785000,3.0,71.0,Etagenwohnung,2,1,1,3,True,False,True,False,True,True,False,False
0,1350000,3.0,126.0,Penthouse,1,1,1,1,True,False,False,False,True,True,False,False
0,819000,4.0,121.0,Etagenwohnung,1,1,2,,False,False,True,False,False,False,False,False
0,869500,3.0,67.0,Hochparterre,,,,0,False,True,True,False,True,True,False,False
0,1079000,2.5,117.0,Penthouse,,2,1,2,True,False,True,True,True,True,True,False
0,800000,3.0,89.0,Etagenwohnung,2,1,,4,False,False,False,False,True,True,False,True
0,425000,1.5,44.0,Etagenwohnung,1,1,1,1,True,True,True,False,True,True,False,False
0,790000,3.0,67.53,Etagenwohnung,2,1,1,1,True,False,True,False,False,True,False,True
0,2490000,4.0,236.0,,,,,,False,False,True,True,False,False,False,False
0,800000,2.0,65.0,Erdgeschosswohnung,1,1,1,,True,True,True,False,True,True,True,False
0,1285000,4.0,129.0,Etagenwohnung,2,2,3,7,True,False,True,True,True,True,True,False
0,2400000,5.0,200.0,Dachgeschoss,4,3,2,,True,False,False,True,False,True,False,True
0,1150000,4.5,130.0,Maisonette,3,1,1,1,True,False,True,True,False,True,False,False
0,679000,3.0,88.83,Etagenwohnung,2,1,,2,True,False,True,True,False,True,False,False
0,328000,1.0,37.0,Etagenwohnung,1,1,1,3,True,False,True,False,True,True,True,False
0,1430000,3.0,130.0,Maisonette,2,,2,0,True,True,False,True,True,True,True,False
0,880000,4.5,96.0,Erdgeschosswohnung,,,,,True,False,True,False,False,False,False,False
0,2020000,2.0,96.0,Maisonette,1,2,1,5,True,False,False,True,True,True,False,False
0,958000,2.0,65.0,Maisonette,1,2,1,3,True,False,True,False,False,True,False,False
0,739000,2.0,66.0,Etagenwohnung,1,2,1,1,True,False,True,False,True,True,False,False
0,515000,3.0,67.0,Terrassenwohnung,2,1,,0,True,True,False,False,True,True,True,False
0,1540000,5.0,100.0,Terrassenwohnung,2,2,1,0,True,True,False,True,True,True,False,False
0,460000,2.0,55.0,Terrassenwohnung,1,1,1,0,True,False,False,False,False,True,False,True
0,350000,1.0,27.7,Hochparterre,,1,1,,True,False,True,False,True,True,False,False
0,795000,3.0,92.28,Etagenwohnung,2,1,1,3,True,False,True,False,True,False,False,False
0,2450000,5.0,205.0,Erdgeschosswohnung,4,2,2,0,True,False,True,True,True,True,False,False
0,775000,3.5,87.0,Etagenwohnung,,1,1,1,True,False,False,True,False,False,False,True
0,2160000,4.0,160.0,Penthouse,,,2,,True,True,False,True,True,True,True,False
0,399900,1.0,26.06,Etagenwohnung,1,1,,4,True,False,True,False,True,False,False,False
0,840000,2.0,56.0,Etagenwohnung,,1,1,2,True,False,True,True,True,True,False,False
0,349000,2.0,44.74,Etagenwohnung,,,,2,True,False,True,False,False,False,False,True
0,300000,1.0,43.0,Etagenwohnung,1,1,1,8,True,False,True,False,True,True,False,True
0,542000,3.0,75.0,,,,,,True,False,False,False,False,False,False,False
0,295000,3.0,84.0,Hochparterre,,1,1,1,True,True,True,False,False,True,False,False
0,550000,2.0,53.0,Terrassenwohnung,1,1,1,0,True,True,True,False,True,True,False,False
0,619000,3.0,79.7,Etagenwohnung,2,1,2,2,True,False,True,True,False,True,False,False
0,749000,2.0,67.0,Erdgeschosswohnung,1,1,1,,True,False,True,False,False,True,False,False
0,859900,4.0,96.25,Etagenwohnung,3,1,1,1,True,False,True,True,True,True,False,True
0,740000,2.0,60.3,Etagenwohnung,1,1,,3,True,False,True,False,False,True,False,False
0,1490000,6.0,129.0,Etagenwohnung,6,,1,0,True,True,True,False,False,True,False,False
0,4122000,4.0,218.47,Dachgeschoss,3,2,3,,True,False,True,False,True,False,False,False
0,650000,3.0,57.0,Etagenwohnung,,1,,2,True,False,True,False,True,True,False,True
0,649000,4.0,87.0,,3,1,A,1,True,False,False,True,False,True,False,False
0,879000,3.0,111.0,Maisonette,1,2,,1,True,False,True,False,False,True,False,False
0,990000,3.0,83.14,Etagenwohnung,1,1,,2,True,False,False,False,True,False,False,False
0,677500,4.5,137.0,,,,1,,False,True,True,False,True,True,False,False
0,465000,2.0,57.0,Erdgeschosswohnung,1,1,,0,True,True,True,False,True,True,False,True
0,399000,2.0,44.0,Etagenwohnung,1,1,1,3,False,True,False,False,True,True,True,False
0,3200000,5.0,133.0,Etagenwohnung,3,2,,1,True,False,True,True,True,True,False,False
0,1985000,4.0,115.0,Dachgeschoss,3,1,1,3,True,True,True,False,False,True,False,False
0,928000,3.0,65.1,Etagenwohnung,,1,1,1,False,False,False,False,True,True,True,False
0,800000,3.0,96.0,Etagenwohnung,2,1,1,5,True,False,False,False,False,True,False,False
0,699000,3.0,80.0,Etagenwohnung,,,,1,True,False,True,False,True,True,False,False
0,3200000,5.0,218.17,Maisonette,3,3,,,False,False,True,False,True,False,False,False
0,349900,2.5,53.0,Erdgeschosswohnung,,,,0,True,True,False,False,False,True,False,True
0,745000,3.0,77.5,Etagenwohnung,2,1,1,1,True,False,True,False,True,False,False,False
0,790000,2.5,60.0,,,1,,,False,False,False,False,False,True,False,False
0,517500,2.0,61.0,Dachgeschoss,1,1,1,2,True,False,False,False,False,True,False,False
0,750000,2.0,62.0,Hochparterre,1,1,1,,True,False,True,False,True,True,True,False
0,882000,5.0,94.0,Etagenwohnung,3,2,1,3,True,False,True,True,True,True,False,False
0,250000,1.0,19.0,Etagenwohnung,1,1,1,5,True,False,True,False,True,False,False,False
0,650000,2.0,78.0,Etagenwohnung,1,1,1,0,True,False,False,False,False,True,False,False
0,379000,2.5,48.0,Etagenwohnung,1,1,,2,True,False,False,False,False,True,False,True
0,885000,3.0,70.0,Souterrain,,1,,-,False,False,False,False,False,False,False,True
0,372000,2.0,53.0,Etagenwohnung,,,1,5,False,False,True,False,True,True,False,True
0,1096860,4.0,107.0,Etagenwohnung,3,2,1,3,True,False,False,True,True,True,False,False
0,639000,3.0,76.0,Etagenwohnung,2,1,1,0,True,False,False,False,True,False,False,False
0,499500,1.0,68.0,Erdgeschosswohnung,,1,,,True,False,False,False,True,False,False,False
0,690000,3.0,76.0,Etagenwohnung,,1,1,3,True,False,True,False,True,True,True,False
0,949000,3.5,112.0,Dachgeschoss,2,2,1,2,True,False,True,False,True,True,True,False
0,1195000,3.0,125.46,Etagenwohnung,2,1,2,1,True,False,False,True,True,True,False,False
0,1450000,3.0,158.01,Erdgeschosswohnung,2,2,1,,True,False,True,False,False,True,False,False
0,749000,3.0,87.3,Etagenwohnung,2,2,,1,True,False,True,False,False,True,False,False
0,1790000,7.0,221.83,Dachgeschoss,5,3,1,2,True,False,True,True,True,True,False,False
0,650000,3.0,86.0,Etagenwohnung,2,1,2,1,True,False,True,True,True,True,False,False
0,854000,3.0,87.17,Etagenwohnung,2,1,1,1,True,False,False,True,True,True,True,False
0,429000,1.0,42.22,Etagenwohnung,,1,,,True,True,True,False,False,True,False,False
0,935000,3.0,90.0,,2,1,1,1,True,False,True,False,False,False,False,True
0,483000,1.0,47.0,Etagenwohnung,,1,1,3,True,False,True,False,True,True,True,False
0,495000,3.0,69.19,Etagenwohnung,2,1,,8,True,False,True,True,True,False,False,False
0,441000,1.0,54.38,Maisonette,,1,1,,True,False,False,False,True,True,False,False
0,745700,3.0,65.0,Etagenwohnung,2,1,1,2,True,False,True,True,True,True,False,False
0,385000,1.0,37.5,Etagenwohnung,1,1,1,2,False,False,True,False,False,True,False,False
0,950000,3.0,120.0,Etagenwohnung,1,1,1,1,True,False,True,True,False,True,False,False
0,1999000,4.0,112.0,Etagenwohnung,,1,,2,False,True,False,False,False,False,False,False
0,330000,1.0,37.0,Etagenwohnung,1,1,,3,False,False,True,False,True,True,False,False
0,379000,2.0,46.27,Etagenwohnung,1,1,1,,True,False,True,False,True,False,False,False
0,400000,2.0,42.0,Terrassenwohnung,1,1,1,0,True,True,True,False,True,True,True,True
0,1350000,2.0,72.8,Hochparterre,1,1,1,1,True,True,True,False,True,True,False,False
0,715000,3.5,78.4,Etagenwohnung,2,1,1,1,True,False,True,False,True,False,False,False
0,399900,1.0,26.85,Erdgeschosswohnung,1,1,1,,True,True,True,False,True,True,False,False
0,373000,2.0,29.21,Etagenwohnung,1,1,1,,True,False,False,False,False,False,False,False
0,749000,4.0,90.0,,3,2,1,7,True,False,True,True,True,True,False,False
0,749000,4.0,85.0,Etagenwohnung,3,1,2,5,True,False,False,True,True,True,False,False
0,419900,1.0,35.0,Etagenwohnung,1,1,,1,False,False,True,False,True,False,False,False
0,139900,1.0,37.0,Etagenwohnung,1,1,,6,True,True,True,False,True,True,True,True
0,850000,3.0,77.45,Etagenwohnung,2,1,1,2,True,False,True,False,True,False,False,False
0,550000,3.0,76.0,Erdgeschosswohnung,,,2,0,True,False,True,False,True,True,False,False
0,1300000,4.0,148.0,Etagenwohnung,,,2,1,False,False,True,True,False,True,False,True
0,275000,1.0,26.0,,,1,,1,True,False,False,False,False,False,False,False
0,750000,2.5,80.0,Etagenwohnung,,,,5,True,False,True,False,True,True,False,False
0,7500000,5.0,281.0,Erdgeschosswohnung,3,3,3,0,True,True,True,True,True,True,False,False
